iddayforecast,date,sunrise,sunset,moonset,moonrise,moon_phase,moon_illumination,maxtemp,mintemp,idbeach
334,2/25/2020,6:04 AM,6:50 PM,7:36 AM,8:16 PM,Waxing Crescent,8,26,23,368
459,3/6/2020,6:10 AM,6:40 PM,4:37 PM,2:27 AM,Waxing Gibbous,80,26,18,368
460,3/6/2020,6:10 AM,6:40 PM,4:37 PM,2:27 AM,Waxing Gibbous,80,26,18,369
461,3/6/2020,6:10 AM,6:40 PM,4:37 PM,2:27 AM,Waxing Gibbous,80,26,18,370
462,3/6/2020,6:10 AM,6:40 PM,4:37 PM,2:27 AM,Waxing Gibbous,80,26,18,371
463,3/6/2020,6:10 AM,6:40 PM,4:37 PM,2:27 AM,Waxing Gibbous,80,26,18,372
464,3/6/2020,6:10 AM,6:40 PM,4:37 PM,2:27 AM,Waxing Gibbous,80,26,18,373
465,3/6/2020,6:10 AM,6:40 PM,4:37 PM,2:27 AM,Waxing Gibbous,80,26,18,374
466,3/7/2020,6:11 AM,6:39 PM,5:28 PM,3:33 AM,Waxing Gibbous,87,26,20,368
467,3/7/2020,6:11 AM,6:39 PM,5:28 PM,3:33 AM,Waxing Gibbous,87,26,20,369
468,3/7/2020,6:11 AM,6:39 PM,5:28 PM,3:33 AM,Waxing Gibbous,87,26,20,370
469,3/7/2020,6:11 AM,6:39 PM,5:28 PM,3:33 AM,Waxing Gibbous,87,26,20,371
470,3/7/2020,6:11 AM,6:39 PM,5:28 PM,3:33 AM,Waxing Gibbous,87,26,20,372
471,3/7/2020,6:11 AM,6:39 PM,5:28 PM,3:33 AM,Waxing Gibbous,87,26,20,373
472,3/7/2020,6:11 AM,6:39 PM,5:28 PM,3:33 AM,Waxing Gibbous,87,26,20,374
473,3/8/2020,6:11 AM,6:37 PM,6:14 PM,4:41 AM,Waxing Gibbous,95,26,20,368
474,3/8/2020,6:11 AM,6:37 PM,6:14 PM,4:41 AM,Waxing Gibbous,95,26,20,369
475,3/8/2020,6:11 AM,6:37 PM,6:14 PM,4:41 AM,Waxing Gibbous,95,26,20,370
476,3/8/2020,6:11 AM,6:37 PM,6:14 PM,4:41 AM,Waxing Gibbous,95,26,20,371
477,3/8/2020,6:11 AM,6:37 PM,6:14 PM,4:41 AM,Waxing Gibbous,95,26,20,372
478,3/8/2020,6:11 AM,6:37 PM,6:14 PM,4:41 AM,Waxing Gibbous,95,26,20,373
479,3/8/2020,6:11 AM,6:37 PM,6:14 PM,4:41 AM,Waxing Gibbous,95,26,20,374
480,3/9/2020,6:11 AM,6:37 PM,6:14 PM,4:41 AM,Waxing Gibbous,95,26,20,368
481,3/9/2020,6:11 AM,6:37 PM,6:14 PM,4:41 AM,Waxing Gibbous,95,26,20,369
482,3/9/2020,6:11 AM,6:37 PM,6:14 PM,4:41 AM,Waxing Gibbous,95,26,20,370
483,3/9/2020,6:11 AM,6:37 PM,6:14 PM,4:41 AM,Waxing Gibbous,95,26,20,371
484,3/9/2020,6:11 AM,6:37 PM,6:14 PM,4:41 AM,Waxing Gibbous,95,26,20,372
485,3/9/2020,6:11 AM,6:37 PM,6:14 PM,4:41 AM,Waxing Gibbous,95,26,20,373
486,3/9/2020,6:11 AM,6:37 PM,6:14 PM,4:41 AM,Waxing Gibbous,95,26,20,374
487,3/11/2020,6:13 AM,6:34 PM,8:19 PM,8:05 AM,Waxing Gibbous,84,27,21,368
488,3/11/2020,6:13 AM,6:34 PM,8:19 PM,8:05 AM,Waxing Gibbous,84,27,21,369
489,3/11/2020,6:13 AM,6:34 PM,8:19 PM,8:05 AM,Waxing Gibbous,84,27,21,370
490,3/11/2020,6:13 AM,6:34 PM,8:19 PM,8:05 AM,Waxing Gibbous,84,27,21,371
491,3/11/2020,6:13 AM,6:34 PM,8:19 PM,8:05 AM,Waxing Gibbous,84,27,21,372
492,3/11/2020,6:13 AM,6:34 PM,8:19 PM,8:05 AM,Waxing Gibbous,84,27,21,373
493,3/11/2020,6:13 AM,6:34 PM,8:19 PM,8:05 AM,Waxing Gibbous,84,27,21,374
501,3/12/2020,6:14 AM,6:33 PM,9:00 PM,9:12 AM,Waning Gibbous,76,27,22,368
502,3/12/2020,6:14 AM,6:33 PM,9:00 PM,9:12 AM,Waning Gibbous,76,27,22,369
503,3/12/2020,6:14 AM,6:33 PM,9:00 PM,9:12 AM,Waning Gibbous,76,27,22,370
504,3/12/2020,6:14 AM,6:33 PM,9:00 PM,9:12 AM,Waning Gibbous,76,27,22,371
505,3/12/2020,6:14 AM,6:33 PM,9:00 PM,9:12 AM,Waning Gibbous,76,27,22,372
506,3/12/2020,6:14 AM,6:33 PM,9:00 PM,9:12 AM,Waning Gibbous,76,27,22,373
507,3/12/2020,6:14 AM,6:33 PM,9:00 PM,9:12 AM,Waning Gibbous,76,27,22,374
508,3/13/2020,6:14 AM,6:32 PM,9:43 PM,10:17 AM,Waning Gibbous,69,27,22,368
509,3/13/2020,6:14 AM,6:32 PM,9:43 PM,10:17 AM,Waning Gibbous,69,27,22,369
510,3/13/2020,6:14 AM,6:32 PM,9:43 PM,10:17 AM,Waning Gibbous,69,27,22,370
511,3/13/2020,6:14 AM,6:32 PM,9:43 PM,10:17 AM,Waning Gibbous,69,27,22,371
512,3/13/2020,6:14 AM,6:32 PM,9:43 PM,10:17 AM,Waning Gibbous,69,27,22,372
513,3/13/2020,6:14 AM,6:32 PM,9:43 PM,10:17 AM,Waning Gibbous,69,27,22,373
514,3/13/2020,6:14 AM,6:32 PM,9:43 PM,10:17 AM,Waning Gibbous,69,27,22,374
515,3/14/2020,6:15 AM,6:31 PM,10:28 PM,11:23 AM,Waning Gibbous,62,28,21,368
516,3/14/2020,6:15 AM,6:31 PM,10:28 PM,11:23 AM,Waning Gibbous,62,28,21,369
517,3/14/2020,6:15 AM,6:31 PM,10:28 PM,11:23 AM,Waning Gibbous,62,28,21,370
518,3/14/2020,6:15 AM,6:31 PM,10:28 PM,11:23 AM,Waning Gibbous,62,28,21,371
519,3/14/2020,6:15 AM,6:31 PM,10:28 PM,11:23 AM,Waning Gibbous,62,28,21,372
520,3/14/2020,6:15 AM,6:31 PM,10:28 PM,11:23 AM,Waning Gibbous,62,28,21,373
521,3/14/2020,6:15 AM,6:31 PM,10:28 PM,11:23 AM,Waning Gibbous,62,28,21,374
522,3/15/2020,6:15 AM,6:30 PM,11:17 PM,12:25 PM,Waning Gibbous,55,27,22,368
523,3/15/2020,6:15 AM,6:30 PM,11:17 PM,12:25 PM,Waning Gibbous,55,27,22,369
524,3/15/2020,6:15 AM,6:30 PM,11:17 PM,12:25 PM,Waning Gibbous,55,27,22,370
525,3/15/2020,6:15 AM,6:30 PM,11:17 PM,12:25 PM,Waning Gibbous,55,27,22,371
526,3/15/2020,6:15 AM,6:30 PM,11:17 PM,12:25 PM,Waning Gibbous,55,27,22,372
527,3/15/2020,6:15 AM,6:30 PM,11:17 PM,12:25 PM,Waning Gibbous,55,27,22,373
528,3/15/2020,6:15 AM,6:30 PM,11:17 PM,12:25 PM,Waning Gibbous,55,27,22,374
529,3/16/2020,6:16 AM,6:29 PM,No moonrise,1:26 PM,Last Quarter,47,29,22,368
530,3/16/2020,6:16 AM,6:29 PM,No moonrise,1:26 PM,Last Quarter,47,29,22,369
531,3/16/2020,6:16 AM,6:29 PM,No moonrise,1:26 PM,Last Quarter,47,29,22,370
532,3/16/2020,6:16 AM,6:29 PM,No moonrise,1:26 PM,Last Quarter,47,29,22,371
533,3/16/2020,6:16 AM,6:29 PM,No moonrise,1:26 PM,Last Quarter,47,29,22,372
534,3/16/2020,6:16 AM,6:29 PM,No moonrise,1:26 PM,Last Quarter,47,29,22,373
535,3/16/2020,6:16 AM,6:29 PM,No moonrise,1:26 PM,Last Quarter,47,29,22,374
536,3/17/2020,6:16 AM,6:28 PM,12:08 AM,2:21 PM,Last Quarter,40,25,22,368
537,3/17/2020,6:16 AM,6:28 PM,12:08 AM,2:21 PM,Last Quarter,40,25,22,369
538,3/17/2020,6:16 AM,6:28 PM,12:08 AM,2:21 PM,Last Quarter,40,25,22,370
539,3/17/2020,6:16 AM,6:28 PM,12:08 AM,2:21 PM,Last Quarter,40,25,22,371
540,3/17/2020,6:16 AM,6:28 PM,12:08 AM,2:21 PM,Last Quarter,40,25,22,372
541,3/17/2020,6:16 AM,6:28 PM,12:08 AM,2:21 PM,Last Quarter,40,25,22,373
542,3/17/2020,6:16 AM,6:28 PM,12:08 AM,2:21 PM,Last Quarter,40,25,22,374
543,3/18/2020,6:17 AM,6:27 PM,1:02 AM,3:11 PM,Last Quarter,33,26,22,368
544,3/18/2020,6:17 AM,6:27 PM,1:02 AM,3:11 PM,Last Quarter,33,26,22,369
545,3/18/2020,6:17 AM,6:27 PM,1:02 AM,3:11 PM,Last Quarter,33,26,22,370
546,3/18/2020,6:17 AM,6:27 PM,1:02 AM,3:11 PM,Last Quarter,33,26,22,371
547,3/18/2020,6:17 AM,6:27 PM,1:02 AM,3:11 PM,Last Quarter,33,26,22,372
548,3/18/2020,6:17 AM,6:27 PM,1:02 AM,3:11 PM,Last Quarter,33,26,22,373
549,3/18/2020,6:17 AM,6:27 PM,1:02 AM,3:11 PM,Last Quarter,33,26,22,374
550,3/20/2020,6:18 AM,6:24 PM,2:52 AM,4:37 PM,Waning Crescent,18,26,22,368
551,3/20/2020,6:18 AM,6:24 PM,2:52 AM,4:37 PM,Waning Crescent,18,26,22,369
552,3/20/2020,6:18 AM,6:24 PM,2:52 AM,4:37 PM,Waning Crescent,18,26,22,370
553,3/20/2020,6:18 AM,6:24 PM,2:52 AM,4:37 PM,Waning Crescent,18,26,22,371
554,3/20/2020,6:18 AM,6:24 PM,2:52 AM,4:37 PM,Waning Crescent,18,26,22,372
555,3/20/2020,6:18 AM,6:24 PM,2:52 AM,4:37 PM,Waning Crescent,18,26,22,373
556,3/20/2020,6:18 AM,6:24 PM,2:52 AM,4:37 PM,Waning Crescent,18,26,22,374
557,3/20/2020,6:18 AM,6:24 PM,2:52 AM,4:37 PM,Waning Crescent,18,26,22,368
558,3/20/2020,6:18 AM,6:24 PM,2:52 AM,4:37 PM,Waning Crescent,18,26,22,369
559,3/20/2020,6:18 AM,6:24 PM,2:52 AM,4:37 PM,Waning Crescent,18,26,22,370
560,3/20/2020,6:18 AM,6:24 PM,2:52 AM,4:37 PM,Waning Crescent,18,26,22,371
561,3/20/2020,6:18 AM,6:24 PM,2:52 AM,4:37 PM,Waning Crescent,18,26,22,372
562,3/20/2020,6:18 AM,6:24 PM,2:52 AM,4:37 PM,Waning Crescent,18,26,22,373
563,3/20/2020,6:18 AM,6:24 PM,2:52 AM,4:37 PM,Waning Crescent,18,26,22,374
564,3/21/2020,6:18 AM,6:23 PM,3:46 AM,5:14 PM,Waning Crescent,11,26,19,368
565,3/21/2020,6:18 AM,6:23 PM,3:46 AM,5:14 PM,Waning Crescent,11,26,19,369
566,3/21/2020,6:18 AM,6:23 PM,3:46 AM,5:14 PM,Waning Crescent,11,26,19,370
567,3/21/2020,6:18 AM,6:23 PM,3:46 AM,5:14 PM,Waning Crescent,11,26,19,371
568,3/21/2020,6:18 AM,6:23 PM,3:46 AM,5:14 PM,Waning Crescent,11,26,19,372
569,3/21/2020,6:18 AM,6:23 PM,3:46 AM,5:14 PM,Waning Crescent,11,26,19,373
570,3/21/2020,6:18 AM,6:23 PM,3:46 AM,5:14 PM,Waning Crescent,11,26,19,374
571,3/22/2020,6:19 AM,6:22 PM,4:39 AM,5:47 PM,Waning Crescent,4,26,20,368
572,3/22/2020,6:19 AM,6:22 PM,4:39 AM,5:47 PM,Waning Crescent,4,26,20,369
573,3/22/2020,6:19 AM,6:22 PM,4:39 AM,5:47 PM,Waning Crescent,4,26,20,370
574,3/22/2020,6:19 AM,6:22 PM,4:39 AM,5:47 PM,Waning Crescent,4,26,20,371
575,3/22/2020,6:19 AM,6:22 PM,4:39 AM,5:47 PM,Waning Crescent,4,26,20,372
576,3/22/2020,6:19 AM,6:22 PM,4:39 AM,5:47 PM,Waning Crescent,4,26,20,373
577,3/22/2020,6:19 AM,6:22 PM,4:39 AM,5:47 PM,Waning Crescent,4,26,20,374
578,3/23/2020,6:19 AM,6:21 PM,5:32 AM,6:18 PM,New Moon,0,26,20,368
579,3/23/2020,6:19 AM,6:21 PM,5:32 AM,6:18 PM,New Moon,0,26,20,369
580,3/23/2020,6:19 AM,6:21 PM,5:32 AM,6:18 PM,New Moon,0,26,20,370
581,3/23/2020,6:19 AM,6:21 PM,5:32 AM,6:18 PM,New Moon,0,26,20,371
582,3/23/2020,6:19 AM,6:21 PM,5:32 AM,6:18 PM,New Moon,0,26,20,372
583,3/23/2020,6:19 AM,6:21 PM,5:32 AM,6:18 PM,New Moon,0,26,20,373
584,3/23/2020,6:19 AM,6:21 PM,5:32 AM,6:18 PM,New Moon,0,26,20,374
585,3/24/2020,6:20 AM,6:20 PM,6:22 AM,6:49 PM,New Moon,0,25,20,368
586,3/24/2020,6:20 AM,6:20 PM,6:22 AM,6:49 PM,New Moon,0,25,20,369
587,3/24/2020,6:20 AM,6:20 PM,6:22 AM,6:49 PM,New Moon,0,25,20,370
588,3/24/2020,6:20 AM,6:20 PM,6:22 AM,6:49 PM,New Moon,0,25,20,371
589,3/24/2020,6:20 AM,6:20 PM,6:22 AM,6:49 PM,New Moon,0,25,20,372
590,3/24/2020,6:20 AM,6:20 PM,6:22 AM,6:49 PM,New Moon,0,25,20,373
591,3/24/2020,6:20 AM,6:20 PM,6:22 AM,6:49 PM,New Moon,0,25,20,374
592,3/25/2020,6:20 AM,6:19 PM,7:14 AM,7:19 PM,Waxing Crescent,3,25,20,368
593,3/25/2020,6:20 AM,6:19 PM,7:14 AM,7:19 PM,Waxing Crescent,3,25,20,369
594,3/25/2020,6:20 AM,6:19 PM,7:14 AM,7:19 PM,Waxing Crescent,3,25,20,370
595,3/25/2020,6:20 AM,6:19 PM,7:14 AM,7:19 PM,Waxing Crescent,3,25,20,371
596,3/25/2020,6:20 AM,6:19 PM,7:14 AM,7:19 PM,Waxing Crescent,3,25,20,372
597,3/25/2020,6:20 AM,6:19 PM,7:14 AM,7:19 PM,Waxing Crescent,3,25,20,373
598,3/25/2020,6:20 AM,6:19 PM,7:14 AM,7:19 PM,Waxing Crescent,3,25,20,374
599,3/26/2020,6:21 AM,6:18 PM,8:05 AM,7:51 PM,Waxing Crescent,11,26,19,368
600,3/26/2020,6:21 AM,6:18 PM,8:05 AM,7:51 PM,Waxing Crescent,11,26,19,369
601,3/26/2020,6:21 AM,6:18 PM,8:05 AM,7:51 PM,Waxing Crescent,11,26,19,370
602,3/26/2020,6:21 AM,6:18 PM,8:05 AM,7:51 PM,Waxing Crescent,11,26,19,371
603,3/26/2020,6:21 AM,6:18 PM,8:05 AM,7:51 PM,Waxing Crescent,11,26,19,372
604,3/26/2020,6:21 AM,6:18 PM,8:05 AM,7:51 PM,Waxing Crescent,11,26,19,373
605,3/26/2020,6:21 AM,6:18 PM,8:05 AM,7:51 PM,Waxing Crescent,11,26,19,374
606,3/27/2020,6:21 AM,6:17 PM,8:57 AM,8:23 PM,Waxing Crescent,18,25,21,368
607,3/27/2020,6:21 AM,6:17 PM,8:57 AM,8:23 PM,Waxing Crescent,18,25,21,369
608,3/27/2020,6:21 AM,6:17 PM,8:57 AM,8:23 PM,Waxing Crescent,18,25,21,370
609,3/27/2020,6:21 AM,6:17 PM,8:57 AM,8:23 PM,Waxing Crescent,18,25,21,371
610,3/27/2020,6:21 AM,6:17 PM,8:57 AM,8:23 PM,Waxing Crescent,18,25,21,372
611,3/27/2020,6:21 AM,6:17 PM,8:57 AM,8:23 PM,Waxing Crescent,18,25,21,373
612,3/27/2020,6:21 AM,6:17 PM,8:57 AM,8:23 PM,Waxing Crescent,18,25,21,374
613,3/28/2020,6:22 AM,6:15 PM,9:50 AM,9:00 PM,Waxing Crescent,25,26,20,368
614,3/28/2020,6:22 AM,6:15 PM,9:50 AM,9:00 PM,Waxing Crescent,25,26,20,369
615,3/28/2020,6:22 AM,6:15 PM,9:50 AM,9:00 PM,Waxing Crescent,25,26,20,370
616,3/28/2020,6:22 AM,6:15 PM,9:50 AM,9:00 PM,Waxing Crescent,25,26,20,371
617,3/28/2020,6:22 AM,6:15 PM,9:50 AM,9:00 PM,Waxing Crescent,25,26,20,372
618,3/28/2020,6:22 AM,6:15 PM,9:50 AM,9:00 PM,Waxing Crescent,25,26,20,373
619,3/28/2020,6:22 AM,6:15 PM,9:50 AM,9:00 PM,Waxing Crescent,25,26,20,374
620,3/29/2020,6:22 AM,6:14 PM,10:45 AM,9:40 PM,Waxing Crescent,32,27,21,368
621,3/29/2020,6:22 AM,6:14 PM,10:45 AM,9:40 PM,Waxing Crescent,32,27,21,369
622,3/29/2020,6:22 AM,6:14 PM,10:45 AM,9:40 PM,Waxing Crescent,32,27,21,370
623,3/29/2020,6:22 AM,6:14 PM,10:45 AM,9:40 PM,Waxing Crescent,32,27,21,371
624,3/29/2020,6:22 AM,6:14 PM,10:45 AM,9:40 PM,Waxing Crescent,32,27,21,372
625,3/29/2020,6:22 AM,6:14 PM,10:45 AM,9:40 PM,Waxing Crescent,32,27,21,373
626,3/29/2020,6:22 AM,6:14 PM,10:45 AM,9:40 PM,Waxing Crescent,32,27,21,374
627,3/30/2020,6:23 AM,6:13 PM,11:41 AM,10:24 PM,First Quarter,40,28,21,368
628,3/30/2020,6:23 AM,6:13 PM,11:41 AM,10:24 PM,First Quarter,40,28,21,369
629,3/30/2020,6:23 AM,6:13 PM,11:41 AM,10:24 PM,First Quarter,40,28,21,370
630,3/30/2020,6:23 AM,6:13 PM,11:41 AM,10:24 PM,First Quarter,40,28,21,371
631,3/30/2020,6:23 AM,6:13 PM,11:41 AM,10:24 PM,First Quarter,40,28,21,372
632,3/30/2020,6:23 AM,6:13 PM,11:41 AM,10:24 PM,First Quarter,40,28,21,373
633,3/30/2020,6:23 AM,6:13 PM,11:41 AM,10:24 PM,First Quarter,40,28,21,374
634,3/31/2020,6:23 AM,6:12 PM,12:37 PM,11:16 PM,First Quarter,44,29,22,368
635,3/31/2020,6:23 AM,6:12 PM,12:37 PM,11:16 PM,First Quarter,44,29,22,369
636,3/31/2020,6:23 AM,6:12 PM,12:37 PM,11:16 PM,First Quarter,44,29,22,370
637,3/31/2020,6:23 AM,6:12 PM,12:37 PM,11:16 PM,First Quarter,44,29,22,371
638,3/31/2020,6:23 AM,6:12 PM,12:37 PM,11:16 PM,First Quarter,44,29,22,372
639,3/31/2020,6:23 AM,6:12 PM,12:37 PM,11:16 PM,First Quarter,44,29,22,373
640,3/31/2020,6:23 AM,6:12 PM,12:37 PM,11:16 PM,First Quarter,44,29,22,374
641,4/1/2020,6:24 AM,6:11 PM,1:33 PM,No moonset,First Quarter,56,26,21,368
642,4/1/2020,6:24 AM,6:11 PM,1:33 PM,No moonset,First Quarter,56,26,21,369
643,4/1/2020,6:24 AM,6:11 PM,1:33 PM,No moonset,First Quarter,56,26,21,370
644,4/1/2020,6:24 AM,6:11 PM,1:33 PM,No moonset,First Quarter,56,26,21,371
645,4/1/2020,6:24 AM,6:11 PM,1:33 PM,No moonset,First Quarter,56,26,21,372
646,4/1/2020,6:24 AM,6:11 PM,1:33 PM,No moonset,First Quarter,56,26,21,373
647,4/1/2020,6:24 AM,6:11 PM,1:33 PM,No moonset,First Quarter,56,26,21,374
648,4/2/2020,6:24 AM,6:10 PM,2:26 PM,12:12 AM,First Quarter,64,26,23,368
649,4/2/2020,6:24 AM,6:10 PM,2:26 PM,12:12 AM,First Quarter,64,26,23,369
650,4/2/2020,6:24 AM,6:10 PM,2:26 PM,12:12 AM,First Quarter,64,26,23,370
651,4/2/2020,6:24 AM,6:10 PM,2:26 PM,12:12 AM,First Quarter,64,26,23,371
652,4/2/2020,6:24 AM,6:10 PM,2:26 PM,12:12 AM,First Quarter,64,26,23,372
653,4/2/2020,6:24 AM,6:10 PM,2:26 PM,12:12 AM,First Quarter,64,26,23,373
654,4/2/2020,6:24 AM,6:10 PM,2:26 PM,12:12 AM,First Quarter,64,26,23,374
655,4/3/2020,6:25 AM,6:09 PM,3:17 PM,1:14 AM,Waxing Gibbous,71,25,17,368
656,4/3/2020,6:25 AM,6:09 PM,3:17 PM,1:14 AM,Waxing Gibbous,71,25,17,369
657,4/3/2020,6:25 AM,6:09 PM,3:17 PM,1:14 AM,Waxing Gibbous,71,25,17,370
658,4/3/2020,6:25 AM,6:09 PM,3:17 PM,1:14 AM,Waxing Gibbous,71,25,17,371
659,4/3/2020,6:25 AM,6:09 PM,3:17 PM,1:14 AM,Waxing Gibbous,71,25,17,372
660,4/3/2020,6:25 AM,6:09 PM,3:17 PM,1:14 AM,Waxing Gibbous,71,25,17,373
661,4/3/2020,6:25 AM,6:09 PM,3:17 PM,1:14 AM,Waxing Gibbous,71,25,17,374
662,4/3/2020,6:25 AM,6:09 PM,3:17 PM,1:14 AM,Waxing Gibbous,71,27,18,368
663,4/3/2020,6:25 AM,6:09 PM,3:17 PM,1:14 AM,Waxing Gibbous,71,27,18,369
664,4/3/2020,6:25 AM,6:09 PM,3:17 PM,1:14 AM,Waxing Gibbous,71,27,18,370
665,4/3/2020,6:25 AM,6:09 PM,3:17 PM,1:14 AM,Waxing Gibbous,71,27,18,371
666,4/3/2020,6:25 AM,6:09 PM,3:17 PM,1:14 AM,Waxing Gibbous,71,27,18,372
667,4/3/2020,6:25 AM,6:09 PM,3:17 PM,1:14 AM,Waxing Gibbous,71,27,18,373
668,4/3/2020,6:25 AM,6:09 PM,3:17 PM,1:14 AM,Waxing Gibbous,71,27,18,374
669,4/4/2020,6:25 AM,6:08 PM,4:03 PM,2:18 AM,Waxing Gibbous,79,25,16,368
670,4/4/2020,6:25 AM,6:08 PM,4:03 PM,2:18 AM,Waxing Gibbous,79,25,16,369
671,4/4/2020,6:25 AM,6:08 PM,4:03 PM,2:18 AM,Waxing Gibbous,79,25,16,370
672,4/4/2020,6:25 AM,6:08 PM,4:03 PM,2:18 AM,Waxing Gibbous,79,25,16,371
673,4/4/2020,6:25 AM,6:08 PM,4:03 PM,2:18 AM,Waxing Gibbous,79,25,16,372
674,4/4/2020,6:25 AM,6:08 PM,4:03 PM,2:18 AM,Waxing Gibbous,79,25,16,373
675,4/4/2020,6:25 AM,6:08 PM,4:03 PM,2:18 AM,Waxing Gibbous,79,25,16,374
676,4/4/2020,6:25 AM,6:08 PM,4:03 PM,2:18 AM,Waxing Gibbous,79,25,16,368
677,4/4/2020,6:25 AM,6:08 PM,4:03 PM,2:18 AM,Waxing Gibbous,79,25,16,369
678,4/4/2020,6:25 AM,6:08 PM,4:03 PM,2:18 AM,Waxing Gibbous,79,25,16,370
679,4/4/2020,6:25 AM,6:08 PM,4:03 PM,2:18 AM,Waxing Gibbous,79,25,16,371
680,4/4/2020,6:25 AM,6:08 PM,4:03 PM,2:18 AM,Waxing Gibbous,79,25,16,372
681,4/4/2020,6:25 AM,6:08 PM,4:03 PM,2:18 AM,Waxing Gibbous,79,25,16,373
682,4/4/2020,6:25 AM,6:08 PM,4:03 PM,2:18 AM,Waxing Gibbous,79,25,16,374
683,4/4/2020,6:25 AM,6:08 PM,4:03 PM,2:18 AM,Waxing Gibbous,79,25,16,368
684,4/4/2020,6:25 AM,6:08 PM,4:03 PM,2:18 AM,Waxing Gibbous,79,25,16,369
685,4/4/2020,6:25 AM,6:08 PM,4:03 PM,2:18 AM,Waxing Gibbous,79,25,16,370
686,4/4/2020,6:25 AM,6:08 PM,4:03 PM,2:18 AM,Waxing Gibbous,79,25,16,371
687,4/4/2020,6:25 AM,6:08 PM,4:03 PM,2:18 AM,Waxing Gibbous,79,25,16,372
688,4/4/2020,6:25 AM,6:08 PM,4:03 PM,2:18 AM,Waxing Gibbous,79,25,16,373
689,4/4/2020,6:25 AM,6:08 PM,4:03 PM,2:18 AM,Waxing Gibbous,79,25,16,374
690,4/5/2020,6:26 AM,6:07 PM,4:47 PM,3:26 AM,Waxing Gibbous,87,24,18,368
691,4/5/2020,6:26 AM,6:07 PM,4:47 PM,3:26 AM,Waxing Gibbous,87,24,18,369
692,4/5/2020,6:26 AM,6:07 PM,4:47 PM,3:26 AM,Waxing Gibbous,87,24,18,370
693,4/5/2020,6:26 AM,6:07 PM,4:47 PM,3:26 AM,Waxing Gibbous,87,24,18,371
694,4/5/2020,6:26 AM,6:07 PM,4:47 PM,3:26 AM,Waxing Gibbous,87,24,18,372
695,4/5/2020,6:26 AM,6:07 PM,4:47 PM,3:26 AM,Waxing Gibbous,87,24,18,373
696,4/5/2020,6:26 AM,6:07 PM,4:47 PM,3:26 AM,Waxing Gibbous,87,24,18,374
697,4/7/2020,6:27 AM,6:05 PM,6:09 PM,5:41 AM,Full Moon,100,22,18,368
698,4/7/2020,6:27 AM,6:05 PM,6:09 PM,5:41 AM,Full Moon,100,22,18,369
699,4/7/2020,6:27 AM,6:05 PM,6:09 PM,5:41 AM,Full Moon,100,22,18,370
700,4/7/2020,6:27 AM,6:05 PM,6:09 PM,5:41 AM,Full Moon,100,22,18,371
701,4/7/2020,6:27 AM,6:05 PM,6:09 PM,5:41 AM,Full Moon,100,22,18,372
702,4/7/2020,6:27 AM,6:05 PM,6:09 PM,5:41 AM,Full Moon,100,22,18,373
703,4/7/2020,6:27 AM,6:05 PM,6:09 PM,5:41 AM,Full Moon,100,22,18,374
704,4/11/2020,6:29 AM,6:01 PM,9:07 PM,10:10 AM,Waning Gibbous,68,23,15,368
705,4/11/2020,6:29 AM,6:01 PM,9:07 PM,10:10 AM,Waning Gibbous,68,23,15,369
706,4/11/2020,6:29 AM,6:01 PM,9:07 PM,10:10 AM,Waning Gibbous,68,23,15,370
707,4/11/2020,6:29 AM,6:01 PM,9:07 PM,10:10 AM,Waning Gibbous,68,23,15,371
708,4/11/2020,6:29 AM,6:01 PM,9:07 PM,10:10 AM,Waning Gibbous,68,23,15,372
709,4/11/2020,6:29 AM,6:01 PM,9:07 PM,10:10 AM,Waning Gibbous,68,23,15,373
710,4/11/2020,6:29 AM,6:01 PM,9:07 PM,10:10 AM,Waning Gibbous,68,23,15,374
711,4/12/2020,6:29 AM,6:00 PM,9:59 PM,11:14 AM,Waning Gibbous,61,23,16,368
712,4/12/2020,6:29 AM,6:00 PM,9:59 PM,11:14 AM,Waning Gibbous,61,23,16,369
713,4/12/2020,6:29 AM,6:00 PM,9:59 PM,11:14 AM,Waning Gibbous,61,23,16,370
714,4/12/2020,6:29 AM,6:00 PM,9:59 PM,11:14 AM,Waning Gibbous,61,23,16,371
715,4/12/2020,6:29 AM,6:00 PM,9:59 PM,11:14 AM,Waning Gibbous,61,23,16,372
716,4/12/2020,6:29 AM,6:00 PM,9:59 PM,11:14 AM,Waning Gibbous,61,23,16,373
717,4/12/2020,6:29 AM,6:00 PM,9:59 PM,11:14 AM,Waning Gibbous,61,23,16,374
718,4/13/2020,6:30 AM,5:59 PM,10:54 PM,12:13 PM,Waning Gibbous,53,23,18,368
719,4/13/2020,6:30 AM,5:59 PM,10:54 PM,12:13 PM,Waning Gibbous,53,23,18,369
720,4/13/2020,6:30 AM,5:59 PM,10:54 PM,12:13 PM,Waning Gibbous,53,23,18,370
721,4/13/2020,6:30 AM,5:59 PM,10:54 PM,12:13 PM,Waning Gibbous,53,23,18,371
722,4/13/2020,6:30 AM,5:59 PM,10:54 PM,12:13 PM,Waning Gibbous,53,23,18,372
723,4/13/2020,6:30 AM,5:59 PM,10:54 PM,12:13 PM,Waning Gibbous,53,23,18,373
724,4/13/2020,6:30 AM,5:59 PM,10:54 PM,12:13 PM,Waning Gibbous,53,23,18,374
725,4/14/2020,6:30 AM,5:58 PM,11:50 PM,1:08 PM,Last Quarter,46,25,19,368
726,4/14/2020,6:30 AM,5:58 PM,11:50 PM,1:08 PM,Last Quarter,46,25,19,369
727,4/14/2020,6:30 AM,5:58 PM,11:50 PM,1:08 PM,Last Quarter,46,25,19,370
728,4/14/2020,6:30 AM,5:58 PM,11:50 PM,1:08 PM,Last Quarter,46,25,19,371
729,4/14/2020,6:30 AM,5:58 PM,11:50 PM,1:08 PM,Last Quarter,46,25,19,372
730,4/14/2020,6:30 AM,5:58 PM,11:50 PM,1:08 PM,Last Quarter,46,25,19,373
731,4/14/2020,6:30 AM,5:58 PM,11:50 PM,1:08 PM,Last Quarter,46,25,19,374
732,4/15/2020,6:31 AM,5:57 PM,No moonrise,1:55 PM,Last Quarter,38,23,14,368
733,4/15/2020,6:31 AM,5:57 PM,No moonrise,1:55 PM,Last Quarter,38,23,14,369
734,4/15/2020,6:31 AM,5:57 PM,No moonrise,1:55 PM,Last Quarter,38,23,14,370
735,4/15/2020,6:31 AM,5:57 PM,No moonrise,1:55 PM,Last Quarter,38,23,14,371
736,4/15/2020,6:31 AM,5:57 PM,No moonrise,1:55 PM,Last Quarter,38,23,14,372
737,4/15/2020,6:31 AM,5:57 PM,No moonrise,1:55 PM,Last Quarter,38,23,14,373
738,4/15/2020,6:31 AM,5:57 PM,No moonrise,1:55 PM,Last Quarter,38,23,14,374
739,4/16/2020,6:31 AM,5:56 PM,12:46 AM,2:37 PM,Last Quarter,30,22,13,368
740,4/16/2020,6:31 AM,5:56 PM,12:46 AM,2:37 PM,Last Quarter,30,22,13,369
741,4/16/2020,6:31 AM,5:56 PM,12:46 AM,2:37 PM,Last Quarter,30,22,13,370
742,4/16/2020,6:31 AM,5:56 PM,12:46 AM,2:37 PM,Last Quarter,30,22,13,371
743,4/16/2020,6:31 AM,5:56 PM,12:46 AM,2:37 PM,Last Quarter,30,22,13,372
744,4/16/2020,6:31 AM,5:56 PM,12:46 AM,2:37 PM,Last Quarter,30,22,13,373
745,4/16/2020,6:31 AM,5:56 PM,12:46 AM,2:37 PM,Last Quarter,30,22,13,374
746,4/17/2020,6:32 AM,5:55 PM,1:41 AM,3:15 PM,Last Quarter,23,23,15,368
747,4/17/2020,6:32 AM,5:55 PM,1:41 AM,3:15 PM,Last Quarter,23,23,15,369
748,4/17/2020,6:32 AM,5:55 PM,1:41 AM,3:15 PM,Last Quarter,23,23,15,370
749,4/17/2020,6:32 AM,5:55 PM,1:41 AM,3:15 PM,Last Quarter,23,23,15,371
750,4/17/2020,6:32 AM,5:55 PM,1:41 AM,3:15 PM,Last Quarter,23,23,15,372
751,4/17/2020,6:32 AM,5:55 PM,1:41 AM,3:15 PM,Last Quarter,23,23,15,373
752,4/17/2020,6:32 AM,5:55 PM,1:41 AM,3:15 PM,Last Quarter,23,23,15,374
753,4/18/2020,6:33 AM,5:54 PM,2:35 AM,3:50 PM,Waning Crescent,15,23,16,368
754,4/18/2020,6:33 AM,5:54 PM,2:35 AM,3:50 PM,Waning Crescent,15,23,16,369
755,4/18/2020,6:33 AM,5:54 PM,2:35 AM,3:50 PM,Waning Crescent,15,23,16,370
756,4/18/2020,6:33 AM,5:54 PM,2:35 AM,3:50 PM,Waning Crescent,15,23,16,371
757,4/18/2020,6:33 AM,5:54 PM,2:35 AM,3:50 PM,Waning Crescent,15,23,16,372
758,4/18/2020,6:33 AM,5:54 PM,2:35 AM,3:50 PM,Waning Crescent,15,23,16,373
759,4/18/2020,6:33 AM,5:54 PM,2:35 AM,3:50 PM,Waning Crescent,15,23,16,374
760,4/19/2020,6:33 AM,5:53 PM,3:27 AM,4:21 PM,Waning Crescent,8,23,17,368
761,4/19/2020,6:33 AM,5:53 PM,3:27 AM,4:21 PM,Waning Crescent,8,23,17,369
762,4/19/2020,6:33 AM,5:53 PM,3:27 AM,4:21 PM,Waning Crescent,8,23,17,370
763,4/19/2020,6:33 AM,5:53 PM,3:27 AM,4:21 PM,Waning Crescent,8,23,17,371
764,4/19/2020,6:33 AM,5:53 PM,3:27 AM,4:21 PM,Waning Crescent,8,23,17,372
765,4/19/2020,6:33 AM,5:53 PM,3:27 AM,4:21 PM,Waning Crescent,8,23,17,373
766,4/19/2020,6:33 AM,5:53 PM,3:27 AM,4:21 PM,Waning Crescent,8,23,17,374
767,4/20/2020,6:34 AM,5:52 PM,4:18 AM,4:52 PM,Waning Crescent,0,24,17,368
768,4/20/2020,6:34 AM,5:52 PM,4:18 AM,4:52 PM,Waning Crescent,0,24,17,369
769,4/20/2020,6:34 AM,5:52 PM,4:18 AM,4:52 PM,Waning Crescent,0,24,17,370
770,4/20/2020,6:34 AM,5:52 PM,4:18 AM,4:52 PM,Waning Crescent,0,24,17,371
771,4/20/2020,6:34 AM,5:52 PM,4:18 AM,4:52 PM,Waning Crescent,0,24,17,372
772,4/20/2020,6:34 AM,5:52 PM,4:18 AM,4:52 PM,Waning Crescent,0,24,17,373
773,4/20/2020,6:34 AM,5:52 PM,4:18 AM,4:52 PM,Waning Crescent,0,24,17,374
774,4/21/2020,6:34 AM,5:51 PM,5:10 AM,5:22 PM,New Moon,0,24,17,368
775,4/21/2020,6:34 AM,5:51 PM,5:10 AM,5:22 PM,New Moon,0,24,17,369
776,4/21/2020,6:34 AM,5:51 PM,5:10 AM,5:22 PM,New Moon,0,24,17,370
777,4/21/2020,6:34 AM,5:51 PM,5:10 AM,5:22 PM,New Moon,0,24,17,371
778,4/21/2020,6:34 AM,5:51 PM,5:10 AM,5:22 PM,New Moon,0,24,17,372
779,4/21/2020,6:34 AM,5:51 PM,5:10 AM,5:22 PM,New Moon,0,24,17,373
780,4/21/2020,6:34 AM,5:51 PM,5:10 AM,5:22 PM,New Moon,0,24,17,374
781,4/22/2020,6:35 AM,5:50 PM,6:01 AM,5:53 PM,New Moon,0,25,18,368
782,4/22/2020,6:35 AM,5:50 PM,6:01 AM,5:53 PM,New Moon,0,25,18,369
783,4/22/2020,6:35 AM,5:50 PM,6:01 AM,5:53 PM,New Moon,0,25,18,370
784,4/22/2020,6:35 AM,5:50 PM,6:01 AM,5:53 PM,New Moon,0,25,18,371
785,4/22/2020,6:35 AM,5:50 PM,6:01 AM,5:53 PM,New Moon,0,25,18,372
786,4/22/2020,6:35 AM,5:50 PM,6:01 AM,5:53 PM,New Moon,0,25,18,373
787,4/22/2020,6:35 AM,5:50 PM,6:01 AM,5:53 PM,New Moon,0,25,18,374
788,4/23/2020,6:35 AM,5:49 PM,6:53 AM,6:25 PM,New Moon,0,24,18,368
789,4/23/2020,6:35 AM,5:49 PM,6:53 AM,6:25 PM,New Moon,0,24,18,369
790,4/23/2020,6:35 AM,5:49 PM,6:53 AM,6:25 PM,New Moon,0,24,18,370
791,4/23/2020,6:35 AM,5:49 PM,6:53 AM,6:25 PM,New Moon,0,24,18,371
792,4/23/2020,6:35 AM,5:49 PM,6:53 AM,6:25 PM,New Moon,0,24,18,372
793,4/23/2020,6:35 AM,5:49 PM,6:53 AM,6:25 PM,New Moon,0,24,18,373
794,4/23/2020,6:35 AM,5:49 PM,6:53 AM,6:25 PM,New Moon,0,24,18,374
795,4/24/2020,6:36 AM,5:48 PM,7:46 AM,7:00 PM,Waxing Crescent,7,23,17,368
796,4/24/2020,6:36 AM,5:48 PM,7:46 AM,7:00 PM,Waxing Crescent,7,23,17,369
797,4/24/2020,6:36 AM,5:48 PM,7:46 AM,7:00 PM,Waxing Crescent,7,23,17,370
798,4/24/2020,6:36 AM,5:48 PM,7:46 AM,7:00 PM,Waxing Crescent,7,23,17,371
799,4/24/2020,6:36 AM,5:48 PM,7:46 AM,7:00 PM,Waxing Crescent,7,23,17,372
800,4/24/2020,6:36 AM,5:48 PM,7:46 AM,7:00 PM,Waxing Crescent,7,23,17,373
801,4/24/2020,6:36 AM,5:48 PM,7:46 AM,7:00 PM,Waxing Crescent,7,23,17,374
802,4/25/2020,6:36 AM,5:48 PM,8:40 AM,7:39 PM,Waxing Crescent,15,25,21,368
803,4/25/2020,6:36 AM,5:48 PM,8:40 AM,7:39 PM,Waxing Crescent,15,25,21,369
804,4/25/2020,6:36 AM,5:48 PM,8:40 AM,7:39 PM,Waxing Crescent,15,25,21,370
805,4/25/2020,6:36 AM,5:48 PM,8:40 AM,7:39 PM,Waxing Crescent,15,25,21,371
806,4/25/2020,6:36 AM,5:48 PM,8:40 AM,7:39 PM,Waxing Crescent,15,25,21,372
807,4/25/2020,6:36 AM,5:48 PM,8:40 AM,7:39 PM,Waxing Crescent,15,25,21,373
808,4/25/2020,6:36 AM,5:48 PM,8:40 AM,7:39 PM,Waxing Crescent,15,25,21,374
809,4/27/2020,6:37 AM,5:46 PM,10:33 AM,9:11 PM,Waxing Crescent,30,24,19,368
810,4/27/2020,6:37 AM,5:46 PM,10:33 AM,9:11 PM,Waxing Crescent,30,24,19,369
811,4/27/2020,6:37 AM,5:46 PM,10:33 AM,9:11 PM,Waxing Crescent,30,24,19,370
812,4/27/2020,6:37 AM,5:46 PM,10:33 AM,9:11 PM,Waxing Crescent,30,24,19,371
813,4/27/2020,6:37 AM,5:46 PM,10:33 AM,9:11 PM,Waxing Crescent,30,24,19,372
814,4/27/2020,6:37 AM,5:46 PM,10:33 AM,9:11 PM,Waxing Crescent,30,24,19,373
815,4/27/2020,6:37 AM,5:46 PM,10:33 AM,9:11 PM,Waxing Crescent,30,24,19,374
816,4/28/2020,6:38 AM,5:45 PM,11:29 AM,10:05 PM,Waxing Crescent,37,25,20,368
817,4/28/2020,6:38 AM,5:45 PM,11:29 AM,10:05 PM,Waxing Crescent,37,25,20,369
818,4/28/2020,6:38 AM,5:45 PM,11:29 AM,10:05 PM,Waxing Crescent,37,25,20,370
819,4/28/2020,6:38 AM,5:45 PM,11:29 AM,10:05 PM,Waxing Crescent,37,25,20,371
820,4/28/2020,6:38 AM,5:45 PM,11:29 AM,10:05 PM,Waxing Crescent,37,25,20,372
821,4/28/2020,6:38 AM,5:45 PM,11:29 AM,10:05 PM,Waxing Crescent,37,25,20,373
822,4/28/2020,6:38 AM,5:45 PM,11:29 AM,10:05 PM,Waxing Crescent,37,25,20,374
823,4/29/2020,6:38 AM,5:44 PM,12:21 PM,11:03 PM,First Quarter,45,28,21,368
824,4/29/2020,6:38 AM,5:44 PM,12:21 PM,11:03 PM,First Quarter,45,28,21,369
825,4/29/2020,6:38 AM,5:44 PM,12:21 PM,11:03 PM,First Quarter,45,28,21,370
826,4/29/2020,6:38 AM,5:44 PM,12:21 PM,11:03 PM,First Quarter,45,28,21,371
827,4/29/2020,6:38 AM,5:44 PM,12:21 PM,11:03 PM,First Quarter,45,28,21,372
828,4/29/2020,6:38 AM,5:44 PM,12:21 PM,11:03 PM,First Quarter,45,28,21,373
829,4/29/2020,6:38 AM,5:44 PM,12:21 PM,11:03 PM,First Quarter,45,28,21,374
830,4/30/2020,6:39 AM,5:44 PM,1:12 PM,No moonset,First Quarter,52,25,20,368
831,4/30/2020,6:39 AM,5:44 PM,1:12 PM,No moonset,First Quarter,52,25,20,369
832,4/30/2020,6:39 AM,5:44 PM,1:12 PM,No moonset,First Quarter,52,25,20,370
833,4/30/2020,6:39 AM,5:44 PM,1:12 PM,No moonset,First Quarter,52,25,20,371
834,4/30/2020,6:39 AM,5:44 PM,1:12 PM,No moonset,First Quarter,52,25,20,372
835,4/30/2020,6:39 AM,5:44 PM,1:12 PM,No moonset,First Quarter,52,25,20,373
836,4/30/2020,6:39 AM,5:44 PM,1:12 PM,No moonset,First Quarter,52,25,20,374
837,5/1/2020,6:40 AM,5:43 PM,1:58 PM,12:05 AM,First Quarter,58,23,19,368
838,5/1/2020,6:40 AM,5:43 PM,1:58 PM,12:05 AM,First Quarter,58,23,19,369
839,5/1/2020,6:40 AM,5:43 PM,1:58 PM,12:05 AM,First Quarter,58,23,19,370
840,5/1/2020,6:40 AM,5:43 PM,1:58 PM,12:05 AM,First Quarter,58,23,19,371
841,5/1/2020,6:40 AM,5:43 PM,1:58 PM,12:05 AM,First Quarter,58,23,19,372
842,5/1/2020,6:40 AM,5:43 PM,1:58 PM,12:05 AM,First Quarter,58,23,19,373
843,5/1/2020,6:40 AM,5:43 PM,1:58 PM,12:05 AM,First Quarter,58,23,19,374
844,5/2/2020,6:40 AM,5:42 PM,2:41 PM,1:09 AM,First Quarter,65,23,17,368
845,5/2/2020,6:40 AM,5:42 PM,2:41 PM,1:09 AM,First Quarter,65,23,17,369
846,5/2/2020,6:40 AM,5:42 PM,2:41 PM,1:09 AM,First Quarter,65,23,17,370
847,5/2/2020,6:40 AM,5:42 PM,2:41 PM,1:09 AM,First Quarter,65,23,17,371
848,5/2/2020,6:40 AM,5:42 PM,2:41 PM,1:09 AM,First Quarter,65,23,17,372
849,5/2/2020,6:40 AM,5:42 PM,2:41 PM,1:09 AM,First Quarter,65,23,17,373
850,5/2/2020,6:40 AM,5:42 PM,2:41 PM,1:09 AM,First Quarter,65,23,17,374
851,5/3/2020,6:41 AM,5:41 PM,3:22 PM,2:14 AM,Waxing Gibbous,72,22,15,368
852,5/3/2020,6:41 AM,5:41 PM,3:22 PM,2:14 AM,Waxing Gibbous,72,22,15,369
853,5/3/2020,6:41 AM,5:41 PM,3:22 PM,2:14 AM,Waxing Gibbous,72,22,15,370
854,5/3/2020,6:41 AM,5:41 PM,3:22 PM,2:14 AM,Waxing Gibbous,72,22,15,371
855,5/3/2020,6:41 AM,5:41 PM,3:22 PM,2:14 AM,Waxing Gibbous,72,22,15,372
856,5/3/2020,6:41 AM,5:41 PM,3:22 PM,2:14 AM,Waxing Gibbous,72,22,15,373
857,5/3/2020,6:41 AM,5:41 PM,3:22 PM,2:14 AM,Waxing Gibbous,72,22,15,374
858,5/4/2020,6:41 AM,5:41 PM,4:01 PM,3:20 AM,Waxing Gibbous,80,22,15,368
859,5/4/2020,6:41 AM,5:41 PM,4:01 PM,3:20 AM,Waxing Gibbous,80,22,15,369
860,5/4/2020,6:41 AM,5:41 PM,4:01 PM,3:20 AM,Waxing Gibbous,80,22,15,370
861,5/4/2020,6:41 AM,5:41 PM,4:01 PM,3:20 AM,Waxing Gibbous,80,22,15,371
862,5/4/2020,6:41 AM,5:41 PM,4:01 PM,3:20 AM,Waxing Gibbous,80,22,15,372
863,5/4/2020,6:41 AM,5:41 PM,4:01 PM,3:20 AM,Waxing Gibbous,80,22,15,373
864,5/4/2020,6:41 AM,5:41 PM,4:01 PM,3:20 AM,Waxing Gibbous,80,22,15,374
865,5/5/2020,6:42 AM,5:40 PM,4:40 PM,4:25 AM,Waxing Gibbous,87,22,17,368
866,5/5/2020,6:42 AM,5:40 PM,4:40 PM,4:25 AM,Waxing Gibbous,87,22,17,369
867,5/5/2020,6:42 AM,5:40 PM,4:40 PM,4:25 AM,Waxing Gibbous,87,22,17,370
868,5/5/2020,6:42 AM,5:40 PM,4:40 PM,4:25 AM,Waxing Gibbous,87,22,17,371
869,5/5/2020,6:42 AM,5:40 PM,4:40 PM,4:25 AM,Waxing Gibbous,87,22,17,372
870,5/5/2020,6:42 AM,5:40 PM,4:40 PM,4:25 AM,Waxing Gibbous,87,22,17,373
871,5/5/2020,6:42 AM,5:40 PM,4:40 PM,4:25 AM,Waxing Gibbous,87,22,17,374
872,5/6/2020,6:42 AM,5:39 PM,5:22 PM,5:32 AM,Waxing Gibbous,94,20,16,368
873,5/6/2020,6:42 AM,5:39 PM,5:22 PM,5:32 AM,Waxing Gibbous,94,20,16,369
874,5/6/2020,6:42 AM,5:39 PM,5:22 PM,5:32 AM,Waxing Gibbous,94,20,16,370
875,5/6/2020,6:42 AM,5:39 PM,5:22 PM,5:32 AM,Waxing Gibbous,94,20,16,371
876,5/6/2020,6:42 AM,5:39 PM,5:22 PM,5:32 AM,Waxing Gibbous,94,20,16,372
877,5/6/2020,6:42 AM,5:39 PM,5:22 PM,5:32 AM,Waxing Gibbous,94,20,16,373
878,5/6/2020,6:42 AM,5:39 PM,5:22 PM,5:32 AM,Waxing Gibbous,94,20,16,374
879,5/7/2020,6:43 AM,5:38 PM,6:05 PM,6:40 AM,Full Moon,100,21,12,368
880,5/7/2020,6:43 AM,5:38 PM,6:05 PM,6:40 AM,Full Moon,100,21,12,369
881,5/7/2020,6:43 AM,5:38 PM,6:05 PM,6:40 AM,Full Moon,100,21,12,370
882,5/7/2020,6:43 AM,5:38 PM,6:05 PM,6:40 AM,Full Moon,100,21,12,371
883,5/7/2020,6:43 AM,5:38 PM,6:05 PM,6:40 AM,Full Moon,100,21,12,372
884,5/7/2020,6:43 AM,5:38 PM,6:05 PM,6:40 AM,Full Moon,100,21,12,373
885,5/7/2020,6:43 AM,5:38 PM,6:05 PM,6:40 AM,Full Moon,100,21,12,374
886,5/8/2020,6:43 AM,5:38 PM,6:53 PM,7:48 AM,Full Moon,100,21,13,368
887,5/8/2020,6:43 AM,5:38 PM,6:53 PM,7:48 AM,Full Moon,100,21,13,369
888,5/8/2020,6:43 AM,5:38 PM,6:53 PM,7:48 AM,Full Moon,100,21,13,370
889,5/8/2020,6:43 AM,5:38 PM,6:53 PM,7:48 AM,Full Moon,100,21,13,371
890,5/8/2020,6:43 AM,5:38 PM,6:53 PM,7:48 AM,Full Moon,100,21,13,372
891,5/8/2020,6:43 AM,5:38 PM,6:53 PM,7:48 AM,Full Moon,100,21,13,373
892,5/8/2020,6:43 AM,5:38 PM,6:53 PM,7:48 AM,Full Moon,100,21,13,374
893,5/8/2020,6:43 AM,5:38 PM,6:53 PM,7:48 AM,Full Moon,100,21,13,368
894,5/8/2020,6:43 AM,5:38 PM,6:53 PM,7:48 AM,Full Moon,100,21,13,369
895,5/8/2020,6:43 AM,5:38 PM,6:53 PM,7:48 AM,Full Moon,100,21,13,370
896,5/8/2020,6:43 AM,5:38 PM,6:53 PM,7:48 AM,Full Moon,100,21,13,371
897,5/8/2020,6:43 AM,5:38 PM,6:53 PM,7:48 AM,Full Moon,100,21,13,372
898,5/8/2020,6:43 AM,5:38 PM,6:53 PM,7:48 AM,Full Moon,100,21,13,373
899,5/8/2020,6:43 AM,5:38 PM,6:53 PM,7:48 AM,Full Moon,100,21,13,374
900,5/10/2020,6:45 AM,5:37 PM,8:40 PM,9:59 AM,Waning Gibbous,77,23,18,368
901,5/10/2020,6:45 AM,5:37 PM,8:40 PM,9:59 AM,Waning Gibbous,77,23,18,369
902,5/10/2020,6:45 AM,5:37 PM,8:40 PM,9:59 AM,Waning Gibbous,77,23,18,370
903,5/10/2020,6:45 AM,5:37 PM,8:40 PM,9:59 AM,Waning Gibbous,77,23,18,371
904,5/10/2020,6:45 AM,5:37 PM,8:40 PM,9:59 AM,Waning Gibbous,77,23,18,372
905,5/10/2020,6:45 AM,5:37 PM,8:40 PM,9:59 AM,Waning Gibbous,77,23,18,373
906,5/10/2020,6:45 AM,5:37 PM,8:40 PM,9:59 AM,Waning Gibbous,77,23,18,374
907,5/11/2020,6:45 AM,5:36 PM,9:38 PM,10:57 AM,Waning Gibbous,70,26,17,368
908,5/11/2020,6:45 AM,5:36 PM,9:38 PM,10:57 AM,Waning Gibbous,70,26,17,369
909,5/11/2020,6:45 AM,5:36 PM,9:38 PM,10:57 AM,Waning Gibbous,70,26,17,370
910,5/11/2020,6:45 AM,5:36 PM,9:38 PM,10:57 AM,Waning Gibbous,70,26,17,371
911,5/11/2020,6:45 AM,5:36 PM,9:38 PM,10:57 AM,Waning Gibbous,70,26,17,372
912,5/11/2020,6:45 AM,5:36 PM,9:38 PM,10:57 AM,Waning Gibbous,70,26,17,373
913,5/11/2020,6:45 AM,5:36 PM,9:38 PM,10:57 AM,Waning Gibbous,70,26,17,374
914,5/12/2020,6:46 AM,5:35 PM,10:35 PM,11:49 AM,Waning Gibbous,62,25,18,368
915,5/12/2020,6:46 AM,5:35 PM,10:35 PM,11:49 AM,Waning Gibbous,62,25,18,369
916,5/12/2020,6:46 AM,5:35 PM,10:35 PM,11:49 AM,Waning Gibbous,62,25,18,370
917,5/12/2020,6:46 AM,5:35 PM,10:35 PM,11:49 AM,Waning Gibbous,62,25,18,371
918,5/12/2020,6:46 AM,5:35 PM,10:35 PM,11:49 AM,Waning Gibbous,62,25,18,372
919,5/12/2020,6:46 AM,5:35 PM,10:35 PM,11:49 AM,Waning Gibbous,62,25,18,373
920,5/12/2020,6:46 AM,5:35 PM,10:35 PM,11:49 AM,Waning Gibbous,62,25,18,374
921,5/13/2020,6:46 AM,5:35 PM,11:33 PM,12:35 PM,Waning Gibbous,55,23,19,368
922,5/13/2020,6:46 AM,5:35 PM,11:33 PM,12:35 PM,Waning Gibbous,55,23,19,369
923,5/13/2020,6:46 AM,5:35 PM,11:33 PM,12:35 PM,Waning Gibbous,55,23,19,370
924,5/13/2020,6:46 AM,5:35 PM,11:33 PM,12:35 PM,Waning Gibbous,55,23,19,371
925,5/13/2020,6:46 AM,5:35 PM,11:33 PM,12:35 PM,Waning Gibbous,55,23,19,372
926,5/13/2020,6:46 AM,5:35 PM,11:33 PM,12:35 PM,Waning Gibbous,55,23,19,373
927,5/13/2020,6:46 AM,5:35 PM,11:33 PM,12:35 PM,Waning Gibbous,55,23,19,374
928,5/14/2020,6:47 AM,5:34 PM,No moonrise,1:15 PM,Last Quarter,48,20,17,368
929,5/14/2020,6:47 AM,5:34 PM,No moonrise,1:15 PM,Last Quarter,48,20,17,369
930,5/14/2020,6:47 AM,5:34 PM,No moonrise,1:15 PM,Last Quarter,48,20,17,370
931,5/14/2020,6:47 AM,5:34 PM,No moonrise,1:15 PM,Last Quarter,48,20,17,371
932,5/14/2020,6:47 AM,5:34 PM,No moonrise,1:15 PM,Last Quarter,48,20,17,372
933,5/14/2020,6:47 AM,5:34 PM,No moonrise,1:15 PM,Last Quarter,48,20,17,373
934,5/14/2020,6:47 AM,5:34 PM,No moonrise,1:15 PM,Last Quarter,48,20,17,374
935,5/15/2020,6:47 AM,5:34 PM,12:28 AM,1:51 PM,Last Quarter,40,19,12,368
936,5/15/2020,6:47 AM,5:34 PM,12:28 AM,1:51 PM,Last Quarter,40,19,12,369
937,5/15/2020,6:47 AM,5:34 PM,12:28 AM,1:51 PM,Last Quarter,40,19,12,370
938,5/15/2020,6:47 AM,5:34 PM,12:28 AM,1:51 PM,Last Quarter,40,19,12,371
939,5/15/2020,6:47 AM,5:34 PM,12:28 AM,1:51 PM,Last Quarter,40,19,12,372
940,5/15/2020,6:47 AM,5:34 PM,12:28 AM,1:51 PM,Last Quarter,40,19,12,373
941,5/15/2020,6:47 AM,5:34 PM,12:28 AM,1:51 PM,Last Quarter,40,19,12,374
942,5/16/2020,6:48 AM,5:33 PM,1:21 AM,2:23 PM,Last Quarter,33,22,15,368
943,5/16/2020,6:48 AM,5:33 PM,1:21 AM,2:23 PM,Last Quarter,33,22,15,369
944,5/16/2020,6:48 AM,5:33 PM,1:21 AM,2:23 PM,Last Quarter,33,22,15,370
945,5/16/2020,6:48 AM,5:33 PM,1:21 AM,2:23 PM,Last Quarter,33,22,15,371
946,5/16/2020,6:48 AM,5:33 PM,1:21 AM,2:23 PM,Last Quarter,33,22,15,372
947,5/16/2020,6:48 AM,5:33 PM,1:21 AM,2:23 PM,Last Quarter,33,22,15,373
948,5/16/2020,6:48 AM,5:33 PM,1:21 AM,2:23 PM,Last Quarter,33,22,15,374
949,5/17/2020,6:48 AM,5:33 PM,2:13 AM,2:54 PM,Waning Crescent,26,23,14,368
950,5/17/2020,6:48 AM,5:33 PM,2:13 AM,2:54 PM,Waning Crescent,26,23,14,369
951,5/17/2020,6:48 AM,5:33 PM,2:13 AM,2:54 PM,Waning Crescent,26,23,14,370
952,5/17/2020,6:48 AM,5:33 PM,2:13 AM,2:54 PM,Waning Crescent,26,23,14,371
953,5/17/2020,6:48 AM,5:33 PM,2:13 AM,2:54 PM,Waning Crescent,26,23,14,372
954,5/17/2020,6:48 AM,5:33 PM,2:13 AM,2:54 PM,Waning Crescent,26,23,14,373
955,5/17/2020,6:48 AM,5:33 PM,2:13 AM,2:54 PM,Waning Crescent,26,23,14,374
956,5/18/2020,6:49 AM,5:32 PM,3:04 AM,3:24 PM,Waning Crescent,19,24,16,368
957,5/18/2020,6:49 AM,5:32 PM,3:04 AM,3:24 PM,Waning Crescent,19,24,16,369
958,5/18/2020,6:49 AM,5:32 PM,3:04 AM,3:24 PM,Waning Crescent,19,24,16,370
959,5/18/2020,6:49 AM,5:32 PM,3:04 AM,3:24 PM,Waning Crescent,19,24,16,371
960,5/18/2020,6:49 AM,5:32 PM,3:04 AM,3:24 PM,Waning Crescent,19,24,16,372
961,5/18/2020,6:49 AM,5:32 PM,3:04 AM,3:24 PM,Waning Crescent,19,24,16,373
962,5/18/2020,6:49 AM,5:32 PM,3:04 AM,3:24 PM,Waning Crescent,19,24,16,374
963,5/19/2020,6:50 AM,5:32 PM,3:55 AM,3:55 PM,Waning Crescent,11,23,16,368
964,5/19/2020,6:50 AM,5:32 PM,3:55 AM,3:55 PM,Waning Crescent,11,23,16,369
965,5/19/2020,6:50 AM,5:32 PM,3:55 AM,3:55 PM,Waning Crescent,11,23,16,370
966,5/19/2020,6:50 AM,5:32 PM,3:55 AM,3:55 PM,Waning Crescent,11,23,16,371
967,5/19/2020,6:50 AM,5:32 PM,3:55 AM,3:55 PM,Waning Crescent,11,23,16,372
968,5/19/2020,6:50 AM,5:32 PM,3:55 AM,3:55 PM,Waning Crescent,11,23,16,373
969,5/19/2020,6:50 AM,5:32 PM,3:55 AM,3:55 PM,Waning Crescent,11,23,16,374
970,5/20/2020,6:50 AM,5:31 PM,4:47 AM,4:26 PM,Waning Crescent,4,23,19,368
971,5/20/2020,6:50 AM,5:31 PM,4:47 AM,4:26 PM,Waning Crescent,4,23,19,369
972,5/20/2020,6:50 AM,5:31 PM,4:47 AM,4:26 PM,Waning Crescent,4,23,19,370
973,5/20/2020,6:50 AM,5:31 PM,4:47 AM,4:26 PM,Waning Crescent,4,23,19,371
974,5/20/2020,6:50 AM,5:31 PM,4:47 AM,4:26 PM,Waning Crescent,4,23,19,372
975,5/20/2020,6:50 AM,5:31 PM,4:47 AM,4:26 PM,Waning Crescent,4,23,19,373
976,5/20/2020,6:50 AM,5:31 PM,4:47 AM,4:26 PM,Waning Crescent,4,23,19,374
977,5/21/2020,6:51 AM,5:31 PM,5:40 AM,5:00 PM,New Moon,0,23,20,368
978,5/21/2020,6:51 AM,5:31 PM,5:40 AM,5:00 PM,New Moon,0,23,20,369
979,5/21/2020,6:51 AM,5:31 PM,5:40 AM,5:00 PM,New Moon,0,23,20,370
980,5/21/2020,6:51 AM,5:31 PM,5:40 AM,5:00 PM,New Moon,0,23,20,371
981,5/21/2020,6:51 AM,5:31 PM,5:40 AM,5:00 PM,New Moon,0,23,20,372
982,5/21/2020,6:51 AM,5:31 PM,5:40 AM,5:00 PM,New Moon,0,23,20,373
983,5/21/2020,6:51 AM,5:31 PM,5:40 AM,5:00 PM,New Moon,0,23,20,374
984,5/22/2020,6:51 AM,5:31 PM,6:34 AM,5:38 PM,New Moon,0,21,20,368
985,5/22/2020,6:51 AM,5:31 PM,6:34 AM,5:38 PM,New Moon,0,21,20,369
986,5/22/2020,6:51 AM,5:31 PM,6:34 AM,5:38 PM,New Moon,0,21,20,370
987,5/22/2020,6:51 AM,5:31 PM,6:34 AM,5:38 PM,New Moon,0,21,20,371
988,5/22/2020,6:51 AM,5:31 PM,6:34 AM,5:38 PM,New Moon,0,21,20,372
989,5/22/2020,6:51 AM,5:31 PM,6:34 AM,5:38 PM,New Moon,0,21,20,373
990,5/22/2020,6:51 AM,5:31 PM,6:34 AM,5:38 PM,New Moon,0,21,20,374
991,5/23/2020,6:52 AM,5:30 PM,7:31 AM,6:20 PM,Waxing Crescent,3,24,17,368
992,5/23/2020,6:52 AM,5:30 PM,7:31 AM,6:20 PM,Waxing Crescent,3,24,17,369
993,5/23/2020,6:52 AM,5:30 PM,7:31 AM,6:20 PM,Waxing Crescent,3,24,17,370
994,5/23/2020,6:52 AM,5:30 PM,7:31 AM,6:20 PM,Waxing Crescent,3,24,17,371
995,5/23/2020,6:52 AM,5:30 PM,7:31 AM,6:20 PM,Waxing Crescent,3,24,17,372
996,5/23/2020,6:52 AM,5:30 PM,7:31 AM,6:20 PM,Waxing Crescent,3,24,17,373
997,5/23/2020,6:52 AM,5:30 PM,7:31 AM,6:20 PM,Waxing Crescent,3,24,17,374
998,5/25/2020,6:53 AM,5:30 PM,9:25 AM,8:00 PM,Waxing Crescent,17,23,14,368
999,5/25/2020,6:53 AM,5:30 PM,9:25 AM,8:00 PM,Waxing Crescent,17,23,14,369
1000,5/25/2020,6:53 AM,5:30 PM,9:25 AM,8:00 PM,Waxing Crescent,17,23,14,370
1001,5/25/2020,6:53 AM,5:30 PM,9:25 AM,8:00 PM,Waxing Crescent,17,23,14,371
1002,5/25/2020,6:53 AM,5:30 PM,9:25 AM,8:00 PM,Waxing Crescent,17,23,14,372
1003,5/25/2020,6:53 AM,5:30 PM,9:25 AM,8:00 PM,Waxing Crescent,17,23,14,373
1004,5/25/2020,6:53 AM,5:30 PM,9:25 AM,8:00 PM,Waxing Crescent,17,23,14,374
1005,5/26/2020,6:53 AM,5:29 PM,10:19 AM,8:58 PM,Waxing Crescent,25,20,12,368
1006,5/26/2020,6:53 AM,5:29 PM,10:19 AM,8:58 PM,Waxing Crescent,25,20,12,369
1007,5/26/2020,6:53 AM,5:29 PM,10:19 AM,8:58 PM,Waxing Crescent,25,20,12,370
1008,5/26/2020,6:53 AM,5:29 PM,10:19 AM,8:58 PM,Waxing Crescent,25,20,12,371
1009,5/26/2020,6:53 AM,5:29 PM,10:19 AM,8:58 PM,Waxing Crescent,25,20,12,372
1010,5/26/2020,6:53 AM,5:29 PM,10:19 AM,8:58 PM,Waxing Crescent,25,20,12,373
1011,5/26/2020,6:53 AM,5:29 PM,10:19 AM,8:58 PM,Waxing Crescent,25,20,12,374
1012,5/27/2020,6:54 AM,5:29 PM,11:10 AM,9:59 PM,Waxing Crescent,32,18,11,368
1013,5/27/2020,6:54 AM,5:29 PM,11:10 AM,9:59 PM,Waxing Crescent,32,18,11,369
1014,5/27/2020,6:54 AM,5:29 PM,11:10 AM,9:59 PM,Waxing Crescent,32,18,11,370
1015,5/27/2020,6:54 AM,5:29 PM,11:10 AM,9:59 PM,Waxing Crescent,32,18,11,371
1016,5/27/2020,6:54 AM,5:29 PM,11:10 AM,9:59 PM,Waxing Crescent,32,18,11,372
1017,5/27/2020,6:54 AM,5:29 PM,11:10 AM,9:59 PM,Waxing Crescent,32,18,11,373
1018,5/27/2020,6:54 AM,5:29 PM,11:10 AM,9:59 PM,Waxing Crescent,32,18,11,374
1019,5/28/2020,6:54 AM,5:29 PM,11:57 AM,11:01 PM,First Quarter,39,18,11,368
1020,5/28/2020,6:54 AM,5:29 PM,11:57 AM,11:01 PM,First Quarter,39,18,11,369
1021,5/28/2020,6:54 AM,5:29 PM,11:57 AM,11:01 PM,First Quarter,39,18,11,370
1022,5/28/2020,6:54 AM,5:29 PM,11:57 AM,11:01 PM,First Quarter,39,18,11,371
1023,5/28/2020,6:54 AM,5:29 PM,11:57 AM,11:01 PM,First Quarter,39,18,11,372
1024,5/28/2020,6:54 AM,5:29 PM,11:57 AM,11:01 PM,First Quarter,39,18,11,373
1025,5/28/2020,6:54 AM,5:29 PM,11:57 AM,11:01 PM,First Quarter,39,18,11,374
1026,5/29/2020,6:55 AM,5:29 PM,12:40 PM,No moonset,First Quarter,47,21,13,368
1027,5/29/2020,6:55 AM,5:29 PM,12:40 PM,No moonset,First Quarter,47,21,13,369
1028,5/29/2020,6:55 AM,5:29 PM,12:40 PM,No moonset,First Quarter,47,21,13,370
1029,5/29/2020,6:55 AM,5:29 PM,12:40 PM,No moonset,First Quarter,47,21,13,371
1030,5/29/2020,6:55 AM,5:29 PM,12:40 PM,No moonset,First Quarter,47,21,13,372
1031,5/29/2020,6:55 AM,5:29 PM,12:40 PM,No moonset,First Quarter,47,21,13,373
1032,5/29/2020,6:55 AM,5:29 PM,12:40 PM,No moonset,First Quarter,47,21,13,374
1033,5/30/2020,6:55 AM,5:28 PM,1:20 PM,12:04 AM,First Quarter,54,22,13,368
1034,5/30/2020,6:55 AM,5:28 PM,1:20 PM,12:04 AM,First Quarter,54,22,13,369
1035,5/30/2020,6:55 AM,5:28 PM,1:20 PM,12:04 AM,First Quarter,54,22,13,370
1036,5/30/2020,6:55 AM,5:28 PM,1:20 PM,12:04 AM,First Quarter,54,22,13,371
1037,5/30/2020,6:55 AM,5:28 PM,1:20 PM,12:04 AM,First Quarter,54,22,13,372
1038,5/30/2020,6:55 AM,5:28 PM,1:20 PM,12:04 AM,First Quarter,54,22,13,373
1039,5/30/2020,6:55 AM,5:28 PM,1:20 PM,12:04 AM,First Quarter,54,22,13,374
1040,6/1/2020,6:56 AM,5:28 PM,2:36 PM,2:10 AM,Waxing Gibbous,71,19,15,368
1041,6/1/2020,6:56 AM,5:28 PM,2:36 PM,2:10 AM,Waxing Gibbous,71,19,15,369
1042,6/1/2020,6:56 AM,5:28 PM,2:36 PM,2:10 AM,Waxing Gibbous,71,19,15,370
1043,6/1/2020,6:56 AM,5:28 PM,2:36 PM,2:10 AM,Waxing Gibbous,71,19,15,371
1044,6/1/2020,6:56 AM,5:28 PM,2:36 PM,2:10 AM,Waxing Gibbous,71,19,15,372
1045,6/1/2020,6:56 AM,5:28 PM,2:36 PM,2:10 AM,Waxing Gibbous,71,19,15,373
1046,6/1/2020,6:56 AM,5:28 PM,2:36 PM,2:10 AM,Waxing Gibbous,71,19,15,374
1047,6/2/2020,6:57 AM,5:28 PM,3:15 PM,3:15 AM,Waxing Gibbous,79,18,13,368
1048,6/2/2020,6:57 AM,5:28 PM,3:15 PM,3:15 AM,Waxing Gibbous,79,18,13,369
1049,6/2/2020,6:57 AM,5:28 PM,3:15 PM,3:15 AM,Waxing Gibbous,79,18,13,370
1050,6/2/2020,6:57 AM,5:28 PM,3:15 PM,3:15 AM,Waxing Gibbous,79,18,13,371
1051,6/2/2020,6:57 AM,5:28 PM,3:15 PM,3:15 AM,Waxing Gibbous,79,18,13,372
1052,6/2/2020,6:57 AM,5:28 PM,3:15 PM,3:15 AM,Waxing Gibbous,79,18,13,373
1053,6/2/2020,6:57 AM,5:28 PM,3:15 PM,3:15 AM,Waxing Gibbous,79,18,13,374
1054,6/3/2020,6:57 AM,5:28 PM,3:56 PM,4:20 AM,Waxing Gibbous,86,20,15,368
1055,6/3/2020,6:57 AM,5:28 PM,3:56 PM,4:20 AM,Waxing Gibbous,86,20,15,369
1056,6/3/2020,6:57 AM,5:28 PM,3:56 PM,4:20 AM,Waxing Gibbous,86,20,15,370
1057,6/3/2020,6:57 AM,5:28 PM,3:56 PM,4:20 AM,Waxing Gibbous,86,20,15,371
1058,6/3/2020,6:57 AM,5:28 PM,3:56 PM,4:20 AM,Waxing Gibbous,86,20,15,372
1059,6/3/2020,6:57 AM,5:28 PM,3:56 PM,4:20 AM,Waxing Gibbous,86,20,15,373
1060,6/3/2020,6:57 AM,5:28 PM,3:56 PM,4:20 AM,Waxing Gibbous,86,20,15,374
1061,6/4/2020,6:58 AM,5:28 PM,4:41 PM,5:27 AM,Waxing Gibbous,94,21,16,368
1062,6/4/2020,6:58 AM,5:28 PM,4:41 PM,5:27 AM,Waxing Gibbous,94,21,16,369
1063,6/4/2020,6:58 AM,5:28 PM,4:41 PM,5:27 AM,Waxing Gibbous,94,21,16,370
1064,6/4/2020,6:58 AM,5:28 PM,4:41 PM,5:27 AM,Waxing Gibbous,94,21,16,371
1065,6/4/2020,6:58 AM,5:28 PM,4:41 PM,5:27 AM,Waxing Gibbous,94,21,16,372
1066,6/4/2020,6:58 AM,5:28 PM,4:41 PM,5:27 AM,Waxing Gibbous,94,21,16,373
1067,6/4/2020,6:58 AM,5:28 PM,4:41 PM,5:27 AM,Waxing Gibbous,94,21,16,374
1068,6/5/2020,6:58 AM,5:28 PM,5:30 PM,6:34 AM,Full Moon,100,19,18,368
1069,6/5/2020,6:58 AM,5:28 PM,5:30 PM,6:34 AM,Full Moon,100,19,18,369
1070,6/5/2020,6:58 AM,5:28 PM,5:30 PM,6:34 AM,Full Moon,100,19,18,370
1071,6/5/2020,6:58 AM,5:28 PM,5:30 PM,6:34 AM,Full Moon,100,19,18,371
1072,6/5/2020,6:58 AM,5:28 PM,5:30 PM,6:34 AM,Full Moon,100,19,18,372
1073,6/5/2020,6:58 AM,5:28 PM,5:30 PM,6:34 AM,Full Moon,100,19,18,373
1074,6/5/2020,6:58 AM,5:28 PM,5:30 PM,6:34 AM,Full Moon,100,19,18,374
1075,6/8/2020,6:59 AM,5:28 PM,8:21 PM,9:38 AM,Waxing Gibbous,76,21,14,368
1076,6/8/2020,6:59 AM,5:28 PM,8:21 PM,9:38 AM,Waxing Gibbous,76,21,14,369
1077,6/8/2020,6:59 AM,5:28 PM,8:21 PM,9:38 AM,Waxing Gibbous,76,21,14,370
1078,6/8/2020,6:59 AM,5:28 PM,8:21 PM,9:38 AM,Waxing Gibbous,76,21,14,371
1079,6/8/2020,6:59 AM,5:28 PM,8:21 PM,9:38 AM,Waxing Gibbous,76,21,14,372
1080,6/8/2020,6:59 AM,5:28 PM,8:21 PM,9:38 AM,Waxing Gibbous,76,21,14,373
1081,6/8/2020,6:59 AM,5:28 PM,8:21 PM,9:38 AM,Waxing Gibbous,76,21,14,374
1082,6/9/2020,7:00 AM,5:28 PM,9:20 PM,10:27 AM,Waning Gibbous,69,23,16,368
1083,6/9/2020,7:00 AM,5:28 PM,9:20 PM,10:27 AM,Waning Gibbous,69,23,16,369
1084,6/9/2020,7:00 AM,5:28 PM,9:20 PM,10:27 AM,Waning Gibbous,69,23,16,370
1085,6/9/2020,7:00 AM,5:28 PM,9:20 PM,10:27 AM,Waning Gibbous,69,23,16,371
1086,6/9/2020,7:00 AM,5:28 PM,9:20 PM,10:27 AM,Waning Gibbous,69,23,16,372
1087,6/9/2020,7:00 AM,5:28 PM,9:20 PM,10:27 AM,Waning Gibbous,69,23,16,373
1088,6/9/2020,7:00 AM,5:28 PM,9:20 PM,10:27 AM,Waning Gibbous,69,23,16,374
1089,6/10/2020,7:00 AM,5:28 PM,10:17 PM,11:11 AM,Waning Gibbous,61,20,18,368
1090,6/10/2020,7:00 AM,5:28 PM,10:17 PM,11:11 AM,Waning Gibbous,61,20,18,369
1091,6/10/2020,7:00 AM,5:28 PM,10:17 PM,11:11 AM,Waning Gibbous,61,20,18,370
1092,6/10/2020,7:00 AM,5:28 PM,10:17 PM,11:11 AM,Waning Gibbous,61,20,18,371
1093,6/10/2020,7:00 AM,5:28 PM,10:17 PM,11:11 AM,Waning Gibbous,61,20,18,372
1094,6/10/2020,7:00 AM,5:28 PM,10:17 PM,11:11 AM,Waning Gibbous,61,20,18,373
1095,6/10/2020,7:00 AM,5:28 PM,10:17 PM,11:11 AM,Waning Gibbous,61,20,18,374
1096,6/11/2020,7:01 AM,5:28 PM,11:12 PM,11:49 AM,Waning Gibbous,54,24,19,368
1097,6/11/2020,7:01 AM,5:28 PM,11:12 PM,11:49 AM,Waning Gibbous,54,24,19,369
1098,6/11/2020,7:01 AM,5:28 PM,11:12 PM,11:49 AM,Waning Gibbous,54,24,19,370
1099,6/11/2020,7:01 AM,5:28 PM,11:12 PM,11:49 AM,Waning Gibbous,54,24,19,371
1100,6/11/2020,7:01 AM,5:28 PM,11:12 PM,11:49 AM,Waning Gibbous,54,24,19,372
1101,6/11/2020,7:01 AM,5:28 PM,11:12 PM,11:49 AM,Waning Gibbous,54,24,19,373
1102,6/11/2020,7:01 AM,5:28 PM,11:12 PM,11:49 AM,Waning Gibbous,54,24,19,374
1103,6/12/2020,7:01 AM,5:28 PM,No moonrise,12:23 PM,Last Quarter,46,25,19,368
1104,6/12/2020,7:01 AM,5:28 PM,No moonrise,12:23 PM,Last Quarter,46,25,19,369
1105,6/12/2020,7:01 AM,5:28 PM,No moonrise,12:23 PM,Last Quarter,46,25,19,370
1106,6/12/2020,7:01 AM,5:28 PM,No moonrise,12:23 PM,Last Quarter,46,25,19,371
1107,6/12/2020,7:01 AM,5:28 PM,No moonrise,12:23 PM,Last Quarter,46,25,19,372
1108,6/12/2020,7:01 AM,5:28 PM,No moonrise,12:23 PM,Last Quarter,46,25,19,373
1109,6/12/2020,7:01 AM,5:28 PM,No moonrise,12:23 PM,Last Quarter,46,25,19,374
1110,6/13/2020,7:01 AM,5:28 PM,12:05 AM,12:55 PM,Last Quarter,38,26,16,368
1111,6/13/2020,7:01 AM,5:28 PM,12:05 AM,12:55 PM,Last Quarter,38,26,16,369
1112,6/13/2020,7:01 AM,5:28 PM,12:05 AM,12:55 PM,Last Quarter,38,26,16,370
1113,6/13/2020,7:01 AM,5:28 PM,12:05 AM,12:55 PM,Last Quarter,38,26,16,371
1114,6/13/2020,7:01 AM,5:28 PM,12:05 AM,12:55 PM,Last Quarter,38,26,16,372
1115,6/13/2020,7:01 AM,5:28 PM,12:05 AM,12:55 PM,Last Quarter,38,26,16,373
1116,6/13/2020,7:01 AM,5:28 PM,12:05 AM,12:55 PM,Last Quarter,38,26,16,374
1117,6/14/2020,7:02 AM,5:28 PM,12:57 AM,1:26 PM,Last Quarter,31,17,14,368
1118,6/14/2020,7:02 AM,5:28 PM,12:57 AM,1:26 PM,Last Quarter,31,17,14,369
1119,6/14/2020,7:02 AM,5:28 PM,12:57 AM,1:26 PM,Last Quarter,31,17,14,370
1120,6/14/2020,7:02 AM,5:28 PM,12:57 AM,1:26 PM,Last Quarter,31,17,14,371
1121,6/14/2020,7:02 AM,5:28 PM,12:57 AM,1:26 PM,Last Quarter,31,17,14,372
1122,6/14/2020,7:02 AM,5:28 PM,12:57 AM,1:26 PM,Last Quarter,31,17,14,373
1123,6/14/2020,7:02 AM,5:28 PM,12:57 AM,1:26 PM,Last Quarter,31,17,14,374
1124,6/15/2020,7:02 AM,5:28 PM,1:48 AM,1:55 PM,Last Quarter,23,18,14,368
1125,6/15/2020,7:02 AM,5:28 PM,1:48 AM,1:55 PM,Last Quarter,23,18,14,369
1126,6/15/2020,7:02 AM,5:28 PM,1:48 AM,1:55 PM,Last Quarter,23,18,14,370
1127,6/15/2020,7:02 AM,5:28 PM,1:48 AM,1:55 PM,Last Quarter,23,18,14,371
1128,6/15/2020,7:02 AM,5:28 PM,1:48 AM,1:55 PM,Last Quarter,23,18,14,372
1129,6/15/2020,7:02 AM,5:28 PM,1:48 AM,1:55 PM,Last Quarter,23,18,14,373
1130,6/15/2020,7:02 AM,5:28 PM,1:48 AM,1:55 PM,Last Quarter,23,18,14,374
1131,6/16/2020,7:02 AM,5:28 PM,2:39 AM,2:26 PM,Waning Crescent,16,19,17,368
1132,6/16/2020,7:02 AM,5:28 PM,2:39 AM,2:26 PM,Waning Crescent,16,19,17,369
1133,6/16/2020,7:02 AM,5:28 PM,2:39 AM,2:26 PM,Waning Crescent,16,19,17,370
1134,6/16/2020,7:02 AM,5:28 PM,2:39 AM,2:26 PM,Waning Crescent,16,19,17,371
1135,6/16/2020,7:02 AM,5:28 PM,2:39 AM,2:26 PM,Waning Crescent,16,19,17,372
1136,6/16/2020,7:02 AM,5:28 PM,2:39 AM,2:26 PM,Waning Crescent,16,19,17,373
1137,6/16/2020,7:02 AM,5:28 PM,2:39 AM,2:26 PM,Waning Crescent,16,19,17,374
1138,6/17/2020,7:03 AM,5:28 PM,3:32 AM,2:59 PM,Waning Crescent,8,21,19,368
1139,6/17/2020,7:03 AM,5:28 PM,3:32 AM,2:59 PM,Waning Crescent,8,21,19,369
1140,6/17/2020,7:03 AM,5:28 PM,3:32 AM,2:59 PM,Waning Crescent,8,21,19,370
1141,6/17/2020,7:03 AM,5:28 PM,3:32 AM,2:59 PM,Waning Crescent,8,21,19,371
1142,6/17/2020,7:03 AM,5:28 PM,3:32 AM,2:59 PM,Waning Crescent,8,21,19,372
1143,6/17/2020,7:03 AM,5:28 PM,3:32 AM,2:59 PM,Waning Crescent,8,21,19,373
1144,6/17/2020,7:03 AM,5:28 PM,3:32 AM,2:59 PM,Waning Crescent,8,21,19,374
1145,6/18/2020,7:03 AM,5:28 PM,4:25 AM,3:36 PM,Waning Crescent,1,22,19,368
1146,6/18/2020,7:03 AM,5:28 PM,4:25 AM,3:36 PM,Waning Crescent,1,22,19,369
1147,6/18/2020,7:03 AM,5:28 PM,4:25 AM,3:36 PM,Waning Crescent,1,22,19,370
1148,6/18/2020,7:03 AM,5:28 PM,4:25 AM,3:36 PM,Waning Crescent,1,22,19,371
1149,6/18/2020,7:03 AM,5:28 PM,4:25 AM,3:36 PM,Waning Crescent,1,22,19,372
1150,6/18/2020,7:03 AM,5:28 PM,4:25 AM,3:36 PM,Waning Crescent,1,22,19,373
1151,6/18/2020,7:03 AM,5:28 PM,4:25 AM,3:36 PM,Waning Crescent,1,22,19,374
1152,6/19/2020,7:03 AM,5:29 PM,5:22 AM,4:16 PM,New Moon,0,24,17,368
1153,6/19/2020,7:03 AM,5:29 PM,5:22 AM,4:16 PM,New Moon,0,24,17,369
1154,6/19/2020,7:03 AM,5:29 PM,5:22 AM,4:16 PM,New Moon,0,24,17,370
1155,6/19/2020,7:03 AM,5:29 PM,5:22 AM,4:16 PM,New Moon,0,24,17,371
1156,6/19/2020,7:03 AM,5:29 PM,5:22 AM,4:16 PM,New Moon,0,24,17,372
1157,6/19/2020,7:03 AM,5:29 PM,5:22 AM,4:16 PM,New Moon,0,24,17,373
1158,6/19/2020,7:03 AM,5:29 PM,5:22 AM,4:16 PM,New Moon,0,24,17,374
1159,6/20/2020,7:03 AM,5:29 PM,6:19 AM,5:02 PM,New Moon,0,26,19,368
1160,6/20/2020,7:03 AM,5:29 PM,6:19 AM,5:02 PM,New Moon,0,26,19,369
1161,6/20/2020,7:03 AM,5:29 PM,6:19 AM,5:02 PM,New Moon,0,26,19,370
1162,6/20/2020,7:03 AM,5:29 PM,6:19 AM,5:02 PM,New Moon,0,26,19,371
1163,6/20/2020,7:03 AM,5:29 PM,6:19 AM,5:02 PM,New Moon,0,26,19,372
1164,6/20/2020,7:03 AM,5:29 PM,6:19 AM,5:02 PM,New Moon,0,26,19,373
1165,6/20/2020,7:03 AM,5:29 PM,6:19 AM,5:02 PM,New Moon,0,26,19,374
1166,6/21/2020,7:04 AM,5:29 PM,7:17 AM,5:54 PM,New Moon,0,27,20,368
1167,6/21/2020,7:04 AM,5:29 PM,7:17 AM,5:54 PM,New Moon,0,27,20,369
1168,6/21/2020,7:04 AM,5:29 PM,7:17 AM,5:54 PM,New Moon,0,27,20,370
1169,6/21/2020,7:04 AM,5:29 PM,7:17 AM,5:54 PM,New Moon,0,27,20,371
1170,6/21/2020,7:04 AM,5:29 PM,7:17 AM,5:54 PM,New Moon,0,27,20,372
1171,6/21/2020,7:04 AM,5:29 PM,7:17 AM,5:54 PM,New Moon,0,27,20,373
1172,6/21/2020,7:04 AM,5:29 PM,7:17 AM,5:54 PM,New Moon,0,27,20,374
1173,6/22/2020,7:04 AM,5:29 PM,8:13 AM,6:50 PM,Waxing Crescent,7,24,19,368
1174,6/22/2020,7:04 AM,5:29 PM,8:13 AM,6:50 PM,Waxing Crescent,7,24,19,369
1175,6/22/2020,7:04 AM,5:29 PM,8:13 AM,6:50 PM,Waxing Crescent,7,24,19,370
1176,6/22/2020,7:04 AM,5:29 PM,8:13 AM,6:50 PM,Waxing Crescent,7,24,19,371
1177,6/22/2020,7:04 AM,5:29 PM,8:13 AM,6:50 PM,Waxing Crescent,7,24,19,372
1178,6/22/2020,7:04 AM,5:29 PM,8:13 AM,6:50 PM,Waxing Crescent,7,24,19,373
1179,6/22/2020,7:04 AM,5:29 PM,8:13 AM,6:50 PM,Waxing Crescent,7,24,19,374
1180,7/15/2020,7:03 AM,5:38 PM,2:15 AM,1:32 PM,Waning Crescent,28,16,10,368
1181,7/15/2020,7:03 AM,5:38 PM,2:15 AM,1:32 PM,Waning Crescent,28,16,10,369
1182,7/15/2020,7:03 AM,5:38 PM,2:15 AM,1:32 PM,Waning Crescent,28,16,10,370
1183,7/15/2020,7:03 AM,5:38 PM,2:15 AM,1:32 PM,Waning Crescent,28,16,10,371
1184,7/15/2020,7:03 AM,5:38 PM,2:15 AM,1:32 PM,Waning Crescent,28,16,10,372
1185,7/15/2020,7:03 AM,5:38 PM,2:15 AM,1:32 PM,Waning Crescent,28,16,10,373
1186,7/15/2020,7:03 AM,5:38 PM,2:15 AM,1:32 PM,Waning Crescent,28,16,10,374
1187,7/18/2020,7:02 AM,5:40 PM,5:05 AM,3:43 PM,Waning Crescent,7,20,16,368
1188,7/18/2020,7:02 AM,5:40 PM,5:05 AM,3:43 PM,Waning Crescent,7,20,16,369
1189,7/18/2020,7:02 AM,5:40 PM,5:05 AM,3:43 PM,Waning Crescent,7,20,16,370
1190,7/18/2020,7:02 AM,5:40 PM,5:05 AM,3:43 PM,Waning Crescent,7,20,16,371
1191,7/18/2020,7:02 AM,5:40 PM,5:05 AM,3:43 PM,Waning Crescent,7,20,16,372
1192,7/18/2020,7:02 AM,5:40 PM,5:05 AM,3:43 PM,Waning Crescent,7,20,16,373
1193,7/18/2020,7:02 AM,5:40 PM,5:05 AM,3:43 PM,Waning Crescent,7,20,16,374
1194,7/20/2020,7:01 AM,5:41 PM,6:58 AM,5:40 PM,Waxing Crescent,0,23,16,368
1195,7/20/2020,7:01 AM,5:41 PM,6:58 AM,5:40 PM,Waxing Crescent,0,23,16,369
1196,7/20/2020,7:01 AM,5:41 PM,6:58 AM,5:40 PM,Waxing Crescent,0,23,16,370
1197,7/20/2020,7:01 AM,5:41 PM,6:58 AM,5:40 PM,Waxing Crescent,0,23,16,371
1198,7/20/2020,7:01 AM,5:41 PM,6:58 AM,5:40 PM,Waxing Crescent,0,23,16,372
1199,7/20/2020,7:01 AM,5:41 PM,6:58 AM,5:40 PM,Waxing Crescent,0,23,16,373
1200,7/20/2020,7:01 AM,5:41 PM,6:58 AM,5:40 PM,Waxing Crescent,0,23,16,374
1201,7/21/2020,7:01 AM,5:41 PM,7:50 AM,6:43 PM,Waxing Crescent,7,26,17,368
1202,7/21/2020,7:01 AM,5:41 PM,7:50 AM,6:43 PM,Waxing Crescent,7,26,17,369
1203,7/21/2020,7:01 AM,5:41 PM,7:50 AM,6:43 PM,Waxing Crescent,7,26,17,370
1204,7/21/2020,7:01 AM,5:41 PM,7:50 AM,6:43 PM,Waxing Crescent,7,26,17,371
1205,7/21/2020,7:01 AM,5:41 PM,7:50 AM,6:43 PM,Waxing Crescent,7,26,17,372
1206,7/21/2020,7:01 AM,5:41 PM,7:50 AM,6:43 PM,Waxing Crescent,7,26,17,373
1207,7/21/2020,7:01 AM,5:41 PM,7:50 AM,6:43 PM,Waxing Crescent,7,26,17,374
1208,7/22/2020,7:00 AM,5:42 PM,8:37 AM,7:48 PM,Waxing Crescent,14,25,17,368
1209,7/22/2020,7:00 AM,5:42 PM,8:37 AM,7:48 PM,Waxing Crescent,14,25,17,369
1210,7/22/2020,7:00 AM,5:42 PM,8:37 AM,7:48 PM,Waxing Crescent,14,25,17,370
1211,7/22/2020,7:00 AM,5:42 PM,8:37 AM,7:48 PM,Waxing Crescent,14,25,17,371
1212,7/22/2020,7:00 AM,5:42 PM,8:37 AM,7:48 PM,Waxing Crescent,14,25,17,372
1213,7/22/2020,7:00 AM,5:42 PM,8:37 AM,7:48 PM,Waxing Crescent,14,25,17,373
1214,7/22/2020,7:00 AM,5:42 PM,8:37 AM,7:48 PM,Waxing Crescent,14,25,17,374
1215,7/23/2020,7:00 AM,5:42 PM,9:20 AM,8:53 PM,Waxing Crescent,21,22,17,368
1216,7/23/2020,7:00 AM,5:42 PM,9:20 AM,8:53 PM,Waxing Crescent,21,22,17,369
1217,7/23/2020,7:00 AM,5:42 PM,9:20 AM,8:53 PM,Waxing Crescent,21,22,17,370
1218,7/23/2020,7:00 AM,5:42 PM,9:20 AM,8:53 PM,Waxing Crescent,21,22,17,371
1219,7/23/2020,7:00 AM,5:42 PM,9:20 AM,8:53 PM,Waxing Crescent,21,22,17,372
1220,7/23/2020,7:00 AM,5:42 PM,9:20 AM,8:53 PM,Waxing Crescent,21,22,17,373
1221,7/23/2020,7:00 AM,5:42 PM,9:20 AM,8:53 PM,Waxing Crescent,21,22,17,374
1222,7/24/2020,6:59 AM,5:43 PM,10:00 AM,9:57 PM,First Quarter,28,21,17,368
1223,7/24/2020,6:59 AM,5:43 PM,10:00 AM,9:57 PM,First Quarter,28,21,17,369
1224,7/24/2020,6:59 AM,5:43 PM,10:00 AM,9:57 PM,First Quarter,28,21,17,370
1225,7/24/2020,6:59 AM,5:43 PM,10:00 AM,9:57 PM,First Quarter,28,21,17,371
1226,7/24/2020,6:59 AM,5:43 PM,10:00 AM,9:57 PM,First Quarter,28,21,17,372
1227,7/24/2020,6:59 AM,5:43 PM,10:00 AM,9:57 PM,First Quarter,28,21,17,373
1228,7/24/2020,6:59 AM,5:43 PM,10:00 AM,9:57 PM,First Quarter,28,21,17,374
1229,7/25/2020,6:59 AM,5:43 PM,10:38 AM,11:00 PM,First Quarter,34,19,14,368
1230,7/25/2020,6:59 AM,5:43 PM,10:38 AM,11:00 PM,First Quarter,34,19,14,369
1231,7/25/2020,6:59 AM,5:43 PM,10:38 AM,11:00 PM,First Quarter,34,19,14,370
1232,7/25/2020,6:59 AM,5:43 PM,10:38 AM,11:00 PM,First Quarter,34,19,14,371
1233,7/25/2020,6:59 AM,5:43 PM,10:38 AM,11:00 PM,First Quarter,34,19,14,372
1234,7/25/2020,6:59 AM,5:43 PM,10:38 AM,11:00 PM,First Quarter,34,19,14,373
1235,7/25/2020,6:59 AM,5:43 PM,10:38 AM,11:00 PM,First Quarter,34,19,14,374
1236,7/26/2020,6:58 AM,5:44 PM,11:15 AM,No moonset,First Quarter,41,17,12,368
1237,7/26/2020,6:58 AM,5:44 PM,11:15 AM,No moonset,First Quarter,41,17,12,369
1238,7/26/2020,6:58 AM,5:44 PM,11:15 AM,No moonset,First Quarter,41,17,12,370
1239,7/26/2020,6:58 AM,5:44 PM,11:15 AM,No moonset,First Quarter,41,17,12,371
1240,7/26/2020,6:58 AM,5:44 PM,11:15 AM,No moonset,First Quarter,41,17,12,372
1241,7/26/2020,6:58 AM,5:44 PM,11:15 AM,No moonset,First Quarter,41,17,12,373
1242,7/26/2020,6:58 AM,5:44 PM,11:15 AM,No moonset,First Quarter,41,17,12,374
1243,7/27/2020,6:58 AM,5:44 PM,11:53 AM,12:02 AM,First Quarter,48,19,15,368
1244,7/27/2020,6:58 AM,5:44 PM,11:53 AM,12:02 AM,First Quarter,48,19,15,369
1245,7/27/2020,6:58 AM,5:44 PM,11:53 AM,12:02 AM,First Quarter,48,19,15,370
1246,7/27/2020,6:58 AM,5:44 PM,11:53 AM,12:02 AM,First Quarter,48,19,15,371
1247,7/27/2020,6:58 AM,5:44 PM,11:53 AM,12:02 AM,First Quarter,48,19,15,372
1248,7/27/2020,6:58 AM,5:44 PM,11:53 AM,12:02 AM,First Quarter,48,19,15,373
1249,7/27/2020,6:58 AM,5:44 PM,11:53 AM,12:02 AM,First Quarter,48,19,15,374
1250,7/28/2020,6:57 AM,5:45 PM,12:33 PM,1:06 AM,Waxing Gibbous,55,19,14,368
1251,7/28/2020,6:57 AM,5:45 PM,12:33 PM,1:06 AM,Waxing Gibbous,55,19,14,369
1252,7/28/2020,6:57 AM,5:45 PM,12:33 PM,1:06 AM,Waxing Gibbous,55,19,14,370
1253,7/28/2020,6:57 AM,5:45 PM,12:33 PM,1:06 AM,Waxing Gibbous,55,19,14,371
1254,7/28/2020,6:57 AM,5:45 PM,12:33 PM,1:06 AM,Waxing Gibbous,55,19,14,372
1255,7/28/2020,6:57 AM,5:45 PM,12:33 PM,1:06 AM,Waxing Gibbous,55,19,14,373
1256,7/28/2020,6:57 AM,5:45 PM,12:33 PM,1:06 AM,Waxing Gibbous,55,19,14,374
1257,7/29/2020,6:57 AM,5:45 PM,1:17 PM,2:09 AM,Waxing Gibbous,62,14,12,368
1258,7/29/2020,6:57 AM,5:45 PM,1:17 PM,2:09 AM,Waxing Gibbous,62,14,12,369
1259,7/29/2020,6:57 AM,5:45 PM,1:17 PM,2:09 AM,Waxing Gibbous,62,14,12,370
1260,7/29/2020,6:57 AM,5:45 PM,1:17 PM,2:09 AM,Waxing Gibbous,62,14,12,371
1261,7/29/2020,6:57 AM,5:45 PM,1:17 PM,2:09 AM,Waxing Gibbous,62,14,12,372
1262,7/29/2020,6:57 AM,5:45 PM,1:17 PM,2:09 AM,Waxing Gibbous,62,14,12,373
1263,7/29/2020,6:57 AM,5:45 PM,1:17 PM,2:09 AM,Waxing Gibbous,62,14,12,374
1264,8/1/2020,6:55 AM,5:47 PM,3:54 PM,5:15 AM,Full Moon,83,20,14,368
1265,8/1/2020,6:55 AM,5:47 PM,3:54 PM,5:15 AM,Full Moon,83,20,14,369
1266,8/1/2020,6:55 AM,5:47 PM,3:54 PM,5:15 AM,Full Moon,83,20,14,370
1267,8/1/2020,6:55 AM,5:47 PM,3:54 PM,5:15 AM,Full Moon,83,20,14,371
1268,8/1/2020,6:55 AM,5:47 PM,3:54 PM,5:15 AM,Full Moon,83,20,14,372
1269,8/1/2020,6:55 AM,5:47 PM,3:54 PM,5:15 AM,Full Moon,83,20,14,373
1270,8/1/2020,6:55 AM,5:47 PM,3:54 PM,5:15 AM,Full Moon,83,20,14,374
1271,8/29/2020,6:30 AM,6:00 PM,2:45 PM,4:05 AM,Waxing Gibbous,69,22,16,368
1272,8/29/2020,6:30 AM,6:00 PM,2:45 PM,4:05 AM,Waxing Gibbous,69,22,16,369
1273,8/29/2020,6:30 AM,6:00 PM,2:45 PM,4:05 AM,Waxing Gibbous,69,22,16,370
1274,8/29/2020,6:30 AM,6:00 PM,2:45 PM,4:05 AM,Waxing Gibbous,69,22,16,371
1275,8/29/2020,6:30 AM,6:00 PM,2:45 PM,4:05 AM,Waxing Gibbous,69,22,16,372
1276,8/29/2020,6:30 AM,6:00 PM,2:45 PM,4:05 AM,Waxing Gibbous,69,22,16,373
1277,8/29/2020,6:30 AM,6:00 PM,2:45 PM,4:05 AM,Waxing Gibbous,69,22,16,374
1278,8/30/2020,6:29 AM,6:01 PM,3:44 PM,4:54 AM,Full Moon,76,23,18,368
1279,8/30/2020,6:29 AM,6:01 PM,3:44 PM,4:54 AM,Full Moon,76,23,18,369
1280,8/30/2020,6:29 AM,6:01 PM,3:44 PM,4:54 AM,Full Moon,76,23,18,370
1281,8/30/2020,6:29 AM,6:01 PM,3:44 PM,4:54 AM,Full Moon,76,23,18,371
1282,8/30/2020,6:29 AM,6:01 PM,3:44 PM,4:54 AM,Full Moon,76,23,18,372
1283,8/30/2020,6:29 AM,6:01 PM,3:44 PM,4:54 AM,Full Moon,76,23,18,373
1284,8/30/2020,6:29 AM,6:01 PM,3:44 PM,4:54 AM,Full Moon,76,23,18,374
